output_path,sha256,layer,role
02_extracted_tables/diagnostic_activity/easydesign_mismatch_mapping/EasyDesign_2024_TableS2_TableS3_mapping_hits_raw.csv,21c06f3776d502d7245c37b12e916ba9d5cee7e5357270f36ddf0044764b073f,extracted,all source-mapping hits
02_extracted_tables/diagnostic_activity/easydesign_mismatch_mapping/EasyDesign_2024_TableS2_template_groups_raw.csv,f704092fe5c6a4f36e3748b637df907895150d179ddccf6e5276c000be1ae0ad,extracted,Table S2 grouped templates
02_extracted_tables/diagnostic_activity/easydesign_mismatch_mapping/EasyDesign_2024_TableS3_alignment_preserved_raw.csv,d7bb1f253704651429ef61e7d679298d436c2cb21a57218a23a3be465cc558a2,extracted,gap-preserving Table S3 rows
03_cleaned_minimal/easydesign_mismatch/EasyDesign_2024_guide_target_alignment_v2.csv,25cbe469e3d9307a93c5fcbbd711ac7a9000cb7ba0bc803b6df638f0f2eb2fff,cleaned,row-level gap-aware alignment
03_cleaned_minimal/easydesign_mismatch/EasyDesign_2024_mismatch_qc_v2.csv,7efc377d701a239da675961c44f2788e87d144f4bd0d4d113c1f1c149e597317,cleaned,review queue
03_cleaned_minimal/easydesign_mismatch/EasyDesign_2024_source_mapping_v1.csv,75c99cb93fe4d1c40ce66d892545a21c7ce50e1cef63528c48937254d3a7518e,cleaned,row-level mapping summary
04_candidate_ml_dataset/diagnostic_activity_easydesign/EasyDesign_2024_diagnostic_activity_feature_table_v2.csv,42ec7035ae5d560cfef5206f425d594bd209207b518641ed51409d4164d62145,candidate,model-agnostic feature table v2
04_candidate_ml_dataset/diagnostic_activity_easydesign/feature_engineering_v2/EasyDesign_2024_feature_dictionary_v2.csv,dc80a813ee7e17360044236b8a215e719ffac5883ccb875b5f461279a61a9dc7,candidate,feature definitions and model roles
04_candidate_ml_dataset/diagnostic_activity_easydesign/feature_engineering_v2/EasyDesign_2024_feature_qc_v2.json,46fb00653aae011a54fca352e862558c2e7b915b33f279c958cd1dc8da4c9a36,candidate,automated feature QC
