artifact_name,original_path,project_role,attribution,sha256,integration_status
generate_validated_engineered_features.py,/Users/linzibo/Documents/generate_validated_engineered_features.py,engineered feature generator,Xu,cf8cd2f62eb8759e8fa311892bb8791425d2dec5c1b90e3df94d48e95e1a1830,preserved and rerun
first_run_feature_importance_top30.csv,/Users/linzibo/Documents/first_run_feature_importance_top30.csv,first-run evaluation artifact,Xu,e2db29c8525f1910ac3e662f8c0e8eb92fc4889215df7c7a90f114a4691724ea,preserved
improved_feature_importance_all.csv,/Users/linzibo/Desktop/MLRS/improved_feature_outputs/improved_feature_importance_all.csv,reference evaluation artifact,reference output,e60b9cc4ca2e55ccfba83ef02b5f03ddbbd2a30cfef8d3ee6f5f80ee6607c5ec,preserved and audited
improved_feature_importance_top30.csv,/Users/linzibo/Desktop/MLRS/improved_feature_outputs/improved_feature_importance_top30.csv,reference evaluation artifact,reference output,b40aa5a359f21663b893d6264052eb395ca09d8417b1d74fc6831dbee6ac803f,preserved and audited
improved_feature_metrics.json,/Users/linzibo/Desktop/MLRS/improved_feature_outputs/improved_feature_metrics.json,reference evaluation artifact,reference output,b01b3a14317dcecdade162789651674613ecbb0e6fc997698d7addda850b6c84,preserved and recalculated
improved_feature_predictions.csv,/Users/linzibo/Desktop/MLRS/improved_feature_outputs/improved_feature_predictions.csv,reference row predictions,reference output,1254b9b0e5dd0d73cdfb4ca91c1f058021ac40da4651a3981a6369fbf935146e,preserved and audited
improved_feature_importance_top20.png,/Users/linzibo/Desktop/MLRS/improved_feature_outputs/improved_feature_importance_top20.png,reference figure,reference output,e7934c3ce79901e70c8b4cb0718ad5bb5318ac1ac8080e5a078f9522dc8bafa2,preserved
improved_feature_observed_vs_predicted.png,/Users/linzibo/Desktop/MLRS/improved_feature_outputs/improved_feature_observed_vs_predicted.png,reference figure,reference output,5d717ff4544293ad5e850ef5917d358cd006f133058ebb72f7a5fd170e485617,preserved
mismatch_wide_table.xlsx,/Users/linzibo/Documents/mismatch_wide_table.xlsx,possible unspecified third file,unattributed,ce463f86f580f8d083197f1140984b0126e1021629699be66a188084a12514e6,scanned and excluded as unrelated
