feature,category,meaning,calculation,validation_status
selected_alignment_mode,metadata,Target representation selected by orientation validation,Best match to existing Hamming-distance column,computationally validated
aligned_length,pairwise,Length used for direct position-wise comparison,"min(guide length, transformed target length)",deterministic
length_difference,pairwise,Absolute difference between sequence lengths,abs(guide length - target length),deterministic
mismatch_count_validated,pairwise,Mismatch count including extra unpaired positions,shared-position mismatches + length difference,computationally validated
mismatch_fraction_shared_positions,pairwise,Mismatch proportion across shared positions,shared-position mismatch count / aligned length,computationally validated
match_fraction_shared_positions,pairwise,Match proportion across shared positions,1 - mismatch fraction across shared positions,computationally validated
first_mismatch_position,pairwise,First mismatch position under selected alignment,First unequal index + 1,computationally validated
last_mismatch_position,pairwise,Last mismatch position under selected alignment,Last unequal index + 1,computationally validated
longest_consecutive_match,pairwise,Longest consecutive matching segment,Longest run of equal aligned bases,computationally validated
longest_consecutive_mismatch,pairwise,Longest consecutive mismatch segment,Longest run of unequal aligned bases,computationally validated
mismatch_count_first_third,regional mismatch,Mismatch count in the first third,Aligned sequence divided into generic thirds,computationally validated; not a biological seed definition
mismatch_fraction_first_third,regional mismatch,Mismatch fraction in the first third,Regional mismatch count / regional length,computationally validated; not a biological seed definition
mismatch_count_middle_third,regional mismatch,Mismatch count in the middle third,Aligned sequence divided into generic thirds,computationally validated; not a biological seed definition
mismatch_fraction_middle_third,regional mismatch,Mismatch fraction in the middle third,Regional mismatch count / regional length,computationally validated; not a biological seed definition
mismatch_count_last_third,regional mismatch,Mismatch count in the last third,Aligned sequence divided into generic thirds,computationally validated; not a biological seed definition
mismatch_fraction_last_third,regional mismatch,Mismatch fraction in the last third,Regional mismatch count / regional length,computationally validated; not a biological seed definition
mismatch_pos_1,position-specific mismatch,Whether position 1 is a mismatch,"1 if unequal, otherwise 0",computationally validated
mismatch_pos_2,position-specific mismatch,Whether position 2 is a mismatch,"1 if unequal, otherwise 0",computationally validated
mismatch_pos_3,position-specific mismatch,Whether position 3 is a mismatch,"1 if unequal, otherwise 0",computationally validated
mismatch_pos_4,position-specific mismatch,Whether position 4 is a mismatch,"1 if unequal, otherwise 0",computationally validated
mismatch_pos_5,position-specific mismatch,Whether position 5 is a mismatch,"1 if unequal, otherwise 0",computationally validated
mismatch_pos_6,position-specific mismatch,Whether position 6 is a mismatch,"1 if unequal, otherwise 0",computationally validated
mismatch_pos_7,position-specific mismatch,Whether position 7 is a mismatch,"1 if unequal, otherwise 0",computationally validated
mismatch_pos_8,position-specific mismatch,Whether position 8 is a mismatch,"1 if unequal, otherwise 0",computationally validated
mismatch_pos_9,position-specific mismatch,Whether position 9 is a mismatch,"1 if unequal, otherwise 0",computationally validated
mismatch_pos_10,position-specific mismatch,Whether position 10 is a mismatch,"1 if unequal, otherwise 0",computationally validated
mismatch_pos_11,position-specific mismatch,Whether position 11 is a mismatch,"1 if unequal, otherwise 0",computationally validated
mismatch_pos_12,position-specific mismatch,Whether position 12 is a mismatch,"1 if unequal, otherwise 0",computationally validated
mismatch_pos_13,position-specific mismatch,Whether position 13 is a mismatch,"1 if unequal, otherwise 0",computationally validated
mismatch_pos_14,position-specific mismatch,Whether position 14 is a mismatch,"1 if unequal, otherwise 0",computationally validated
mismatch_pos_15,position-specific mismatch,Whether position 15 is a mismatch,"1 if unequal, otherwise 0",computationally validated
mismatch_pos_16,position-specific mismatch,Whether position 16 is a mismatch,"1 if unequal, otherwise 0",computationally validated
mismatch_pos_17,position-specific mismatch,Whether position 17 is a mismatch,"1 if unequal, otherwise 0",computationally validated
mismatch_pos_18,position-specific mismatch,Whether position 18 is a mismatch,"1 if unequal, otherwise 0",computationally validated
mismatch_pos_19,position-specific mismatch,Whether position 19 is a mismatch,"1 if unequal, otherwise 0",computationally validated
mismatch_pos_20,position-specific mismatch,Whether position 20 is a mismatch,"1 if unequal, otherwise 0",computationally validated
mismatch_pos_21,position-specific mismatch,Whether position 21 is a mismatch,"1 if unequal, otherwise 0",computationally validated
mismatch_pos_22,position-specific mismatch,Whether position 22 is a mismatch,"1 if unequal, otherwise 0",computationally validated
mismatch_pos_23,position-specific mismatch,Whether position 23 is a mismatch,"1 if unequal, otherwise 0",computationally validated
mismatch_pos_24,position-specific mismatch,Whether position 24 is a mismatch,"1 if unequal, otherwise 0",computationally validated
mismatch_pos_25,position-specific mismatch,Whether position 25 is a mismatch,"1 if unequal, otherwise 0",computationally validated
mismatch_pos_26,position-specific mismatch,Whether position 26 is a mismatch,"1 if unequal, otherwise 0",computationally validated
mismatch_pos_27,position-specific mismatch,Whether position 27 is a mismatch,"1 if unequal, otherwise 0",computationally validated
mismatch_pos_28,position-specific mismatch,Whether position 28 is a mismatch,"1 if unequal, otherwise 0",computationally validated
mismatch_pos_29,position-specific mismatch,Whether position 29 is a mismatch,"1 if unequal, otherwise 0",computationally validated
mismatch_pos_30,position-specific mismatch,Whether position 30 is a mismatch,"1 if unequal, otherwise 0",computationally validated
mismatch_type_A_to_C,mismatch type,Count of A→C differences,Count across aligned positions,computationally validated
mismatch_type_A_to_G,mismatch type,Count of A→G differences,Count across aligned positions,computationally validated
mismatch_type_A_to_T,mismatch type,Count of A→T differences,Count across aligned positions,computationally validated
mismatch_type_C_to_A,mismatch type,Count of C→A differences,Count across aligned positions,computationally validated
mismatch_type_C_to_G,mismatch type,Count of C→G differences,Count across aligned positions,computationally validated
mismatch_type_C_to_T,mismatch type,Count of C→T differences,Count across aligned positions,computationally validated
mismatch_type_G_to_A,mismatch type,Count of G→A differences,Count across aligned positions,computationally validated
mismatch_type_G_to_C,mismatch type,Count of G→C differences,Count across aligned positions,computationally validated
mismatch_type_G_to_T,mismatch type,Count of G→T differences,Count across aligned positions,computationally validated
mismatch_type_T_to_A,mismatch type,Count of T→A differences,Count across aligned positions,computationally validated
mismatch_type_T_to_C,mismatch type,Count of T→C differences,Count across aligned positions,computationally validated
mismatch_type_T_to_G,mismatch type,Count of T→G differences,Count across aligned positions,computationally validated
guide_length_engineered,single sequence,Length of crRNA/guide,Number of cleaned A/C/G/T bases,deterministic
guide_gc_content_engineered,single sequence,GC content of crRNA/guide,(G + C) / sequence length,deterministic
guide_entropy,single sequence,Shannon entropy of crRNA/guide,-sum[p(base) log2 p(base)],deterministic
guide_longest_homopolymer,single sequence,Longest identical-base run in crRNA/guide,Maximum consecutive identical bases,deterministic
guide_unique_base_count,single sequence,Number of distinct bases in crRNA/guide,Count of unique A/C/G/T,deterministic
guide_gc_first_half,local GC,Local GC content of crRNA/guide: gc_first_half,(G + C) / local sequence length,deterministic
guide_gc_second_half,local GC,Local GC content of crRNA/guide: gc_second_half,(G + C) / local sequence length,deterministic
guide_gc_first_5,local GC,Local GC content of crRNA/guide: gc_first_5,(G + C) / local sequence length,deterministic
guide_gc_last_5,local GC,Local GC content of crRNA/guide: gc_last_5,(G + C) / local sequence length,deterministic
guide_A_fraction,nucleotide composition,Fraction of A in crRNA/guide,count(A) / sequence length,deterministic
guide_C_fraction,nucleotide composition,Fraction of C in crRNA/guide,count(C) / sequence length,deterministic
guide_G_fraction,nucleotide composition,Fraction of G in crRNA/guide,count(G) / sequence length,deterministic
guide_T_fraction,nucleotide composition,Fraction of T in crRNA/guide,count(T) / sequence length,deterministic
guide_dinuc_AA,2-mer frequency,Frequency of AA in crRNA/guide,Occurrences / possible 2-mer positions,deterministic
guide_dinuc_AC,2-mer frequency,Frequency of AC in crRNA/guide,Occurrences / possible 2-mer positions,deterministic
guide_dinuc_AG,2-mer frequency,Frequency of AG in crRNA/guide,Occurrences / possible 2-mer positions,deterministic
guide_dinuc_AT,2-mer frequency,Frequency of AT in crRNA/guide,Occurrences / possible 2-mer positions,deterministic
guide_dinuc_CA,2-mer frequency,Frequency of CA in crRNA/guide,Occurrences / possible 2-mer positions,deterministic
guide_dinuc_CC,2-mer frequency,Frequency of CC in crRNA/guide,Occurrences / possible 2-mer positions,deterministic
guide_dinuc_CG,2-mer frequency,Frequency of CG in crRNA/guide,Occurrences / possible 2-mer positions,deterministic
guide_dinuc_CT,2-mer frequency,Frequency of CT in crRNA/guide,Occurrences / possible 2-mer positions,deterministic
guide_dinuc_GA,2-mer frequency,Frequency of GA in crRNA/guide,Occurrences / possible 2-mer positions,deterministic
guide_dinuc_GC,2-mer frequency,Frequency of GC in crRNA/guide,Occurrences / possible 2-mer positions,deterministic
guide_dinuc_GG,2-mer frequency,Frequency of GG in crRNA/guide,Occurrences / possible 2-mer positions,deterministic
guide_dinuc_GT,2-mer frequency,Frequency of GT in crRNA/guide,Occurrences / possible 2-mer positions,deterministic
guide_dinuc_TA,2-mer frequency,Frequency of TA in crRNA/guide,Occurrences / possible 2-mer positions,deterministic
guide_dinuc_TC,2-mer frequency,Frequency of TC in crRNA/guide,Occurrences / possible 2-mer positions,deterministic
guide_dinuc_TG,2-mer frequency,Frequency of TG in crRNA/guide,Occurrences / possible 2-mer positions,deterministic
guide_dinuc_TT,2-mer frequency,Frequency of TT in crRNA/guide,Occurrences / possible 2-mer positions,deterministic
guide_trinuc_AAA,3-mer frequency,Frequency of AAA in crRNA/guide,Occurrences / possible 3-mer positions,deterministic
guide_trinuc_CCC,3-mer frequency,Frequency of CCC in crRNA/guide,Occurrences / possible 3-mer positions,deterministic
guide_trinuc_GGG,3-mer frequency,Frequency of GGG in crRNA/guide,Occurrences / possible 3-mer positions,deterministic
guide_trinuc_TTT,3-mer frequency,Frequency of TTT in crRNA/guide,Occurrences / possible 3-mer positions,deterministic
guide_trinuc_GCG,3-mer frequency,Frequency of GCG in crRNA/guide,Occurrences / possible 3-mer positions,deterministic
guide_trinuc_CGC,3-mer frequency,Frequency of CGC in crRNA/guide,Occurrences / possible 3-mer positions,deterministic
guide_trinuc_TAT,3-mer frequency,Frequency of TAT in crRNA/guide,Occurrences / possible 3-mer positions,deterministic
guide_trinuc_ATA,3-mer frequency,Frequency of ATA in crRNA/guide,Occurrences / possible 3-mer positions,deterministic
target_length_engineered,single sequence,Length of target,Number of cleaned A/C/G/T bases,deterministic
target_gc_content_engineered,single sequence,GC content of target,(G + C) / sequence length,deterministic
target_entropy,single sequence,Shannon entropy of target,-sum[p(base) log2 p(base)],deterministic
target_longest_homopolymer,single sequence,Longest identical-base run in target,Maximum consecutive identical bases,deterministic
target_unique_base_count,single sequence,Number of distinct bases in target,Count of unique A/C/G/T,deterministic
target_gc_first_half,local GC,Local GC content of target: gc_first_half,(G + C) / local sequence length,deterministic
target_gc_second_half,local GC,Local GC content of target: gc_second_half,(G + C) / local sequence length,deterministic
target_gc_first_5,local GC,Local GC content of target: gc_first_5,(G + C) / local sequence length,deterministic
target_gc_last_5,local GC,Local GC content of target: gc_last_5,(G + C) / local sequence length,deterministic
target_A_fraction,nucleotide composition,Fraction of A in target,count(A) / sequence length,deterministic
target_C_fraction,nucleotide composition,Fraction of C in target,count(C) / sequence length,deterministic
target_G_fraction,nucleotide composition,Fraction of G in target,count(G) / sequence length,deterministic
target_T_fraction,nucleotide composition,Fraction of T in target,count(T) / sequence length,deterministic
target_dinuc_AA,2-mer frequency,Frequency of AA in target,Occurrences / possible 2-mer positions,deterministic
target_dinuc_AC,2-mer frequency,Frequency of AC in target,Occurrences / possible 2-mer positions,deterministic
target_dinuc_AG,2-mer frequency,Frequency of AG in target,Occurrences / possible 2-mer positions,deterministic
target_dinuc_AT,2-mer frequency,Frequency of AT in target,Occurrences / possible 2-mer positions,deterministic
target_dinuc_CA,2-mer frequency,Frequency of CA in target,Occurrences / possible 2-mer positions,deterministic
target_dinuc_CC,2-mer frequency,Frequency of CC in target,Occurrences / possible 2-mer positions,deterministic
target_dinuc_CG,2-mer frequency,Frequency of CG in target,Occurrences / possible 2-mer positions,deterministic
target_dinuc_CT,2-mer frequency,Frequency of CT in target,Occurrences / possible 2-mer positions,deterministic
target_dinuc_GA,2-mer frequency,Frequency of GA in target,Occurrences / possible 2-mer positions,deterministic
target_dinuc_GC,2-mer frequency,Frequency of GC in target,Occurrences / possible 2-mer positions,deterministic
target_dinuc_GG,2-mer frequency,Frequency of GG in target,Occurrences / possible 2-mer positions,deterministic
target_dinuc_GT,2-mer frequency,Frequency of GT in target,Occurrences / possible 2-mer positions,deterministic
target_dinuc_TA,2-mer frequency,Frequency of TA in target,Occurrences / possible 2-mer positions,deterministic
target_dinuc_TC,2-mer frequency,Frequency of TC in target,Occurrences / possible 2-mer positions,deterministic
target_dinuc_TG,2-mer frequency,Frequency of TG in target,Occurrences / possible 2-mer positions,deterministic
target_dinuc_TT,2-mer frequency,Frequency of TT in target,Occurrences / possible 2-mer positions,deterministic
target_trinuc_AAA,3-mer frequency,Frequency of AAA in target,Occurrences / possible 3-mer positions,deterministic
target_trinuc_CCC,3-mer frequency,Frequency of CCC in target,Occurrences / possible 3-mer positions,deterministic
target_trinuc_GGG,3-mer frequency,Frequency of GGG in target,Occurrences / possible 3-mer positions,deterministic
target_trinuc_TTT,3-mer frequency,Frequency of TTT in target,Occurrences / possible 3-mer positions,deterministic
target_trinuc_GCG,3-mer frequency,Frequency of GCG in target,Occurrences / possible 3-mer positions,deterministic
target_trinuc_CGC,3-mer frequency,Frequency of CGC in target,Occurrences / possible 3-mer positions,deterministic
target_trinuc_TAT,3-mer frequency,Frequency of TAT in target,Occurrences / possible 3-mer positions,deterministic
target_trinuc_ATA,3-mer frequency,Frequency of ATA in target,Occurrences / possible 3-mer positions,deterministic
