feature_name,category,input_fields,formula_or_definition,gap_behavior,default_model_role,leakage_risk,notes
target_aligned_25,alignment_or_qc,guide_seq; target_at_guide,See build script and source-preserving alignment rules.,preserved,metadata_only,exclude_or_metadata,
target_ungapped,alignment_or_qc,guide_seq; target_at_guide,See build script and source-preserving alignment rules.,preserved,metadata_only,exclude_or_metadata,
alignment_has_gap,alignment_or_qc,guide_seq; target_at_guide,See build script and source-preserving alignment rules.,preserved,metadata_only,exclude_or_metadata,
alignment_event_status,alignment_or_qc,guide_seq; target_at_guide,See build script and source-preserving alignment rules.,preserved,metadata_only,exclude_or_metadata,
alignment_qc_status,alignment_or_qc,guide_seq; target_at_guide,See build script and source-preserving alignment rules.,preserved,metadata_only,exclude_or_metadata,
default_training_eligibility,alignment_or_qc,guide_seq; target_at_guide,See build script and source-preserving alignment rules.,preserved,metadata_only,exclude_or_metadata,
aligned_difference_count,pair_alignment,crRNA_sequence; target_aligned_25,Direct 25-position guide-to-target comparison.,gap is a separate event,candidate_input,none_known,
substitution_count,pair_alignment,crRNA_sequence; target_aligned_25,Direct 25-position guide-to-target comparison.,gap is a separate event,candidate_input,none_known,
gap_count_target,pair_alignment,crRNA_sequence; target_aligned_25,Direct 25-position guide-to-target comparison.,gap is a separate event,candidate_input,none_known,
gap_count_guide,pair_alignment,crRNA_sequence; target_aligned_25,Direct 25-position guide-to-target comparison.,gap is a separate event,candidate_input,none_known,
pam_difference_count,pair_alignment,crRNA_sequence; target_aligned_25,Direct 25-position guide-to-target comparison.,gap is a separate event,candidate_input,none_known,
spacer_difference_count,pair_alignment,crRNA_sequence; target_aligned_25,Direct 25-position guide-to-target comparison.,gap is a separate event,candidate_input,none_known,
first_difference_position_1based,pair_alignment,crRNA_sequence; target_aligned_25,Direct 25-position guide-to-target comparison.,gap is a separate event,candidate_input,none_known,
last_difference_position_1based,pair_alignment,crRNA_sequence; target_aligned_25,Direct 25-position guide-to-target comparison.,gap is a separate event,candidate_input,none_known,
longest_match_run,pair_alignment,crRNA_sequence; target_aligned_25,Direct 25-position guide-to-target comparison.,gap is a separate event,candidate_input,none_known,
longest_substitution_run,pair_alignment,crRNA_sequence; target_aligned_25,Direct 25-position guide-to-target comparison.,gap is a separate event,candidate_input,none_known,
longest_target_gap_run,pair_alignment,crRNA_sequence; target_aligned_25,Direct 25-position guide-to-target comparison.,gap is a separate event,candidate_input,none_known,
difference_pos_01,pair_position,crRNA_sequence; target_aligned_25,"1 if aligned position 1 is substitution or gap, else 0.",gap contributes 1,candidate_input,none_known,
substitution_pos_01,pair_position,crRNA_sequence; target_aligned_25,1 if aligned position 1 is an A/C/G/T substitution.,gap contributes 0,candidate_input,none_known,
target_gap_pos_01,pair_position,target_aligned_25,1 if aligned target position 1 is '-'.,explicit target-channel gap,candidate_input,none_known,
difference_pos_02,pair_position,crRNA_sequence; target_aligned_25,"1 if aligned position 2 is substitution or gap, else 0.",gap contributes 1,candidate_input,none_known,
substitution_pos_02,pair_position,crRNA_sequence; target_aligned_25,1 if aligned position 2 is an A/C/G/T substitution.,gap contributes 0,candidate_input,none_known,
target_gap_pos_02,pair_position,target_aligned_25,1 if aligned target position 2 is '-'.,explicit target-channel gap,candidate_input,none_known,
difference_pos_03,pair_position,crRNA_sequence; target_aligned_25,"1 if aligned position 3 is substitution or gap, else 0.",gap contributes 1,candidate_input,none_known,
substitution_pos_03,pair_position,crRNA_sequence; target_aligned_25,1 if aligned position 3 is an A/C/G/T substitution.,gap contributes 0,candidate_input,none_known,
target_gap_pos_03,pair_position,target_aligned_25,1 if aligned target position 3 is '-'.,explicit target-channel gap,candidate_input,none_known,
difference_pos_04,pair_position,crRNA_sequence; target_aligned_25,"1 if aligned position 4 is substitution or gap, else 0.",gap contributes 1,candidate_input,none_known,
substitution_pos_04,pair_position,crRNA_sequence; target_aligned_25,1 if aligned position 4 is an A/C/G/T substitution.,gap contributes 0,candidate_input,none_known,
target_gap_pos_04,pair_position,target_aligned_25,1 if aligned target position 4 is '-'.,explicit target-channel gap,candidate_input,none_known,
difference_pos_05,pair_position,crRNA_sequence; target_aligned_25,"1 if aligned position 5 is substitution or gap, else 0.",gap contributes 1,candidate_input,none_known,
substitution_pos_05,pair_position,crRNA_sequence; target_aligned_25,1 if aligned position 5 is an A/C/G/T substitution.,gap contributes 0,candidate_input,none_known,
target_gap_pos_05,pair_position,target_aligned_25,1 if aligned target position 5 is '-'.,explicit target-channel gap,candidate_input,none_known,
difference_pos_06,pair_position,crRNA_sequence; target_aligned_25,"1 if aligned position 6 is substitution or gap, else 0.",gap contributes 1,candidate_input,none_known,
substitution_pos_06,pair_position,crRNA_sequence; target_aligned_25,1 if aligned position 6 is an A/C/G/T substitution.,gap contributes 0,candidate_input,none_known,
target_gap_pos_06,pair_position,target_aligned_25,1 if aligned target position 6 is '-'.,explicit target-channel gap,candidate_input,none_known,
difference_pos_07,pair_position,crRNA_sequence; target_aligned_25,"1 if aligned position 7 is substitution or gap, else 0.",gap contributes 1,candidate_input,none_known,
substitution_pos_07,pair_position,crRNA_sequence; target_aligned_25,1 if aligned position 7 is an A/C/G/T substitution.,gap contributes 0,candidate_input,none_known,
target_gap_pos_07,pair_position,target_aligned_25,1 if aligned target position 7 is '-'.,explicit target-channel gap,candidate_input,none_known,
difference_pos_08,pair_position,crRNA_sequence; target_aligned_25,"1 if aligned position 8 is substitution or gap, else 0.",gap contributes 1,candidate_input,none_known,
substitution_pos_08,pair_position,crRNA_sequence; target_aligned_25,1 if aligned position 8 is an A/C/G/T substitution.,gap contributes 0,candidate_input,none_known,
target_gap_pos_08,pair_position,target_aligned_25,1 if aligned target position 8 is '-'.,explicit target-channel gap,candidate_input,none_known,
difference_pos_09,pair_position,crRNA_sequence; target_aligned_25,"1 if aligned position 9 is substitution or gap, else 0.",gap contributes 1,candidate_input,none_known,
substitution_pos_09,pair_position,crRNA_sequence; target_aligned_25,1 if aligned position 9 is an A/C/G/T substitution.,gap contributes 0,candidate_input,none_known,
target_gap_pos_09,pair_position,target_aligned_25,1 if aligned target position 9 is '-'.,explicit target-channel gap,candidate_input,none_known,
difference_pos_10,pair_position,crRNA_sequence; target_aligned_25,"1 if aligned position 10 is substitution or gap, else 0.",gap contributes 1,candidate_input,none_known,
substitution_pos_10,pair_position,crRNA_sequence; target_aligned_25,1 if aligned position 10 is an A/C/G/T substitution.,gap contributes 0,candidate_input,none_known,
target_gap_pos_10,pair_position,target_aligned_25,1 if aligned target position 10 is '-'.,explicit target-channel gap,candidate_input,none_known,
difference_pos_11,pair_position,crRNA_sequence; target_aligned_25,"1 if aligned position 11 is substitution or gap, else 0.",gap contributes 1,candidate_input,none_known,
substitution_pos_11,pair_position,crRNA_sequence; target_aligned_25,1 if aligned position 11 is an A/C/G/T substitution.,gap contributes 0,candidate_input,none_known,
target_gap_pos_11,pair_position,target_aligned_25,1 if aligned target position 11 is '-'.,explicit target-channel gap,candidate_input,none_known,
difference_pos_12,pair_position,crRNA_sequence; target_aligned_25,"1 if aligned position 12 is substitution or gap, else 0.",gap contributes 1,candidate_input,none_known,
substitution_pos_12,pair_position,crRNA_sequence; target_aligned_25,1 if aligned position 12 is an A/C/G/T substitution.,gap contributes 0,candidate_input,none_known,
target_gap_pos_12,pair_position,target_aligned_25,1 if aligned target position 12 is '-'.,explicit target-channel gap,candidate_input,none_known,
difference_pos_13,pair_position,crRNA_sequence; target_aligned_25,"1 if aligned position 13 is substitution or gap, else 0.",gap contributes 1,candidate_input,none_known,
substitution_pos_13,pair_position,crRNA_sequence; target_aligned_25,1 if aligned position 13 is an A/C/G/T substitution.,gap contributes 0,candidate_input,none_known,
target_gap_pos_13,pair_position,target_aligned_25,1 if aligned target position 13 is '-'.,explicit target-channel gap,candidate_input,none_known,
difference_pos_14,pair_position,crRNA_sequence; target_aligned_25,"1 if aligned position 14 is substitution or gap, else 0.",gap contributes 1,candidate_input,none_known,
substitution_pos_14,pair_position,crRNA_sequence; target_aligned_25,1 if aligned position 14 is an A/C/G/T substitution.,gap contributes 0,candidate_input,none_known,
target_gap_pos_14,pair_position,target_aligned_25,1 if aligned target position 14 is '-'.,explicit target-channel gap,candidate_input,none_known,
difference_pos_15,pair_position,crRNA_sequence; target_aligned_25,"1 if aligned position 15 is substitution or gap, else 0.",gap contributes 1,candidate_input,none_known,
substitution_pos_15,pair_position,crRNA_sequence; target_aligned_25,1 if aligned position 15 is an A/C/G/T substitution.,gap contributes 0,candidate_input,none_known,
target_gap_pos_15,pair_position,target_aligned_25,1 if aligned target position 15 is '-'.,explicit target-channel gap,candidate_input,none_known,
difference_pos_16,pair_position,crRNA_sequence; target_aligned_25,"1 if aligned position 16 is substitution or gap, else 0.",gap contributes 1,candidate_input,none_known,
substitution_pos_16,pair_position,crRNA_sequence; target_aligned_25,1 if aligned position 16 is an A/C/G/T substitution.,gap contributes 0,candidate_input,none_known,
target_gap_pos_16,pair_position,target_aligned_25,1 if aligned target position 16 is '-'.,explicit target-channel gap,candidate_input,none_known,
difference_pos_17,pair_position,crRNA_sequence; target_aligned_25,"1 if aligned position 17 is substitution or gap, else 0.",gap contributes 1,candidate_input,none_known,
substitution_pos_17,pair_position,crRNA_sequence; target_aligned_25,1 if aligned position 17 is an A/C/G/T substitution.,gap contributes 0,candidate_input,none_known,
target_gap_pos_17,pair_position,target_aligned_25,1 if aligned target position 17 is '-'.,explicit target-channel gap,candidate_input,none_known,
difference_pos_18,pair_position,crRNA_sequence; target_aligned_25,"1 if aligned position 18 is substitution or gap, else 0.",gap contributes 1,candidate_input,none_known,
substitution_pos_18,pair_position,crRNA_sequence; target_aligned_25,1 if aligned position 18 is an A/C/G/T substitution.,gap contributes 0,candidate_input,none_known,
target_gap_pos_18,pair_position,target_aligned_25,1 if aligned target position 18 is '-'.,explicit target-channel gap,candidate_input,none_known,
difference_pos_19,pair_position,crRNA_sequence; target_aligned_25,"1 if aligned position 19 is substitution or gap, else 0.",gap contributes 1,candidate_input,none_known,
substitution_pos_19,pair_position,crRNA_sequence; target_aligned_25,1 if aligned position 19 is an A/C/G/T substitution.,gap contributes 0,candidate_input,none_known,
target_gap_pos_19,pair_position,target_aligned_25,1 if aligned target position 19 is '-'.,explicit target-channel gap,candidate_input,none_known,
difference_pos_20,pair_position,crRNA_sequence; target_aligned_25,"1 if aligned position 20 is substitution or gap, else 0.",gap contributes 1,candidate_input,none_known,
substitution_pos_20,pair_position,crRNA_sequence; target_aligned_25,1 if aligned position 20 is an A/C/G/T substitution.,gap contributes 0,candidate_input,none_known,
target_gap_pos_20,pair_position,target_aligned_25,1 if aligned target position 20 is '-'.,explicit target-channel gap,candidate_input,none_known,
difference_pos_21,pair_position,crRNA_sequence; target_aligned_25,"1 if aligned position 21 is substitution or gap, else 0.",gap contributes 1,candidate_input,none_known,
substitution_pos_21,pair_position,crRNA_sequence; target_aligned_25,1 if aligned position 21 is an A/C/G/T substitution.,gap contributes 0,candidate_input,none_known,
target_gap_pos_21,pair_position,target_aligned_25,1 if aligned target position 21 is '-'.,explicit target-channel gap,candidate_input,none_known,
difference_pos_22,pair_position,crRNA_sequence; target_aligned_25,"1 if aligned position 22 is substitution or gap, else 0.",gap contributes 1,candidate_input,none_known,
substitution_pos_22,pair_position,crRNA_sequence; target_aligned_25,1 if aligned position 22 is an A/C/G/T substitution.,gap contributes 0,candidate_input,none_known,
target_gap_pos_22,pair_position,target_aligned_25,1 if aligned target position 22 is '-'.,explicit target-channel gap,candidate_input,none_known,
difference_pos_23,pair_position,crRNA_sequence; target_aligned_25,"1 if aligned position 23 is substitution or gap, else 0.",gap contributes 1,candidate_input,none_known,
substitution_pos_23,pair_position,crRNA_sequence; target_aligned_25,1 if aligned position 23 is an A/C/G/T substitution.,gap contributes 0,candidate_input,none_known,
target_gap_pos_23,pair_position,target_aligned_25,1 if aligned target position 23 is '-'.,explicit target-channel gap,candidate_input,none_known,
difference_pos_24,pair_position,crRNA_sequence; target_aligned_25,"1 if aligned position 24 is substitution or gap, else 0.",gap contributes 1,candidate_input,none_known,
substitution_pos_24,pair_position,crRNA_sequence; target_aligned_25,1 if aligned position 24 is an A/C/G/T substitution.,gap contributes 0,candidate_input,none_known,
target_gap_pos_24,pair_position,target_aligned_25,1 if aligned target position 24 is '-'.,explicit target-channel gap,candidate_input,none_known,
difference_pos_25,pair_position,crRNA_sequence; target_aligned_25,"1 if aligned position 25 is substitution or gap, else 0.",gap contributes 1,candidate_input,none_known,
substitution_pos_25,pair_position,crRNA_sequence; target_aligned_25,1 if aligned position 25 is an A/C/G/T substitution.,gap contributes 0,candidate_input,none_known,
target_gap_pos_25,pair_position,target_aligned_25,1 if aligned target position 25 is '-'.,explicit target-channel gap,candidate_input,none_known,
sub_A_to_C_count,substitution_type,crRNA_sequence; target_aligned_25,Count of direct-orientation A-to-C substitutions.,gaps excluded,candidate_input,none_known,
sub_A_to_G_count,substitution_type,crRNA_sequence; target_aligned_25,Count of direct-orientation A-to-G substitutions.,gaps excluded,candidate_input,none_known,
sub_A_to_T_count,substitution_type,crRNA_sequence; target_aligned_25,Count of direct-orientation A-to-T substitutions.,gaps excluded,candidate_input,none_known,
sub_C_to_A_count,substitution_type,crRNA_sequence; target_aligned_25,Count of direct-orientation C-to-A substitutions.,gaps excluded,candidate_input,none_known,
sub_C_to_G_count,substitution_type,crRNA_sequence; target_aligned_25,Count of direct-orientation C-to-G substitutions.,gaps excluded,candidate_input,none_known,
sub_C_to_T_count,substitution_type,crRNA_sequence; target_aligned_25,Count of direct-orientation C-to-T substitutions.,gaps excluded,candidate_input,none_known,
sub_G_to_A_count,substitution_type,crRNA_sequence; target_aligned_25,Count of direct-orientation G-to-A substitutions.,gaps excluded,candidate_input,none_known,
sub_G_to_C_count,substitution_type,crRNA_sequence; target_aligned_25,Count of direct-orientation G-to-C substitutions.,gaps excluded,candidate_input,none_known,
sub_G_to_T_count,substitution_type,crRNA_sequence; target_aligned_25,Count of direct-orientation G-to-T substitutions.,gaps excluded,candidate_input,none_known,
sub_T_to_A_count,substitution_type,crRNA_sequence; target_aligned_25,Count of direct-orientation T-to-A substitutions.,gaps excluded,candidate_input,none_known,
sub_T_to_C_count,substitution_type,crRNA_sequence; target_aligned_25,Count of direct-orientation T-to-C substitutions.,gaps excluded,candidate_input,none_known,
sub_T_to_G_count,substitution_type,crRNA_sequence; target_aligned_25,Count of direct-orientation T-to-G substitutions.,gaps excluded,candidate_input,none_known,
guide_length_acgt,sequence_composition,crRNA_sequence,length acgt,computed after removing gaps,candidate_input,none_known,
guide_gc_content,sequence_composition,crRNA_sequence,gc content,computed after removing gaps,candidate_input,none_known,
guide_shannon_entropy,sequence_composition,crRNA_sequence,shannon entropy,computed after removing gaps,candidate_input,none_known,
guide_longest_homopolymer,sequence_composition,crRNA_sequence,longest homopolymer,computed after removing gaps,candidate_input,none_known,
guide_a_fraction,sequence_composition,crRNA_sequence,a fraction,computed after removing gaps,candidate_input,none_known,
guide_c_fraction,sequence_composition,crRNA_sequence,c fraction,computed after removing gaps,candidate_input,none_known,
guide_g_fraction,sequence_composition,crRNA_sequence,g fraction,computed after removing gaps,candidate_input,none_known,
guide_t_fraction,sequence_composition,crRNA_sequence,t fraction,computed after removing gaps,candidate_input,none_known,
target_ungapped_length_acgt,sequence_composition,target_ungapped,length acgt,computed after removing gaps,candidate_input,none_known,
target_ungapped_gc_content,sequence_composition,target_ungapped,gc content,computed after removing gaps,candidate_input,none_known,
target_ungapped_shannon_entropy,sequence_composition,target_ungapped,shannon entropy,computed after removing gaps,candidate_input,none_known,
target_ungapped_longest_homopolymer,sequence_composition,target_ungapped,longest homopolymer,computed after removing gaps,candidate_input,none_known,
target_ungapped_a_fraction,sequence_composition,target_ungapped,a fraction,computed after removing gaps,candidate_input,none_known,
target_ungapped_c_fraction,sequence_composition,target_ungapped,c fraction,computed after removing gaps,candidate_input,none_known,
target_ungapped_g_fraction,sequence_composition,target_ungapped,g fraction,computed after removing gaps,candidate_input,none_known,
target_ungapped_t_fraction,sequence_composition,target_ungapped,t fraction,computed after removing gaps,candidate_input,none_known,
guide_spacer_length_acgt,sequence_composition,crRNA_sequence positions 5-25,length acgt,computed after removing gaps,candidate_input,none_known,
guide_spacer_gc_content,sequence_composition,crRNA_sequence positions 5-25,gc content,computed after removing gaps,candidate_input,none_known,
guide_spacer_shannon_entropy,sequence_composition,crRNA_sequence positions 5-25,shannon entropy,computed after removing gaps,candidate_input,none_known,
guide_spacer_longest_homopolymer,sequence_composition,crRNA_sequence positions 5-25,longest homopolymer,computed after removing gaps,candidate_input,none_known,
guide_spacer_a_fraction,sequence_composition,crRNA_sequence positions 5-25,a fraction,computed after removing gaps,candidate_input,none_known,
guide_spacer_c_fraction,sequence_composition,crRNA_sequence positions 5-25,c fraction,computed after removing gaps,candidate_input,none_known,
guide_spacer_g_fraction,sequence_composition,crRNA_sequence positions 5-25,g fraction,computed after removing gaps,candidate_input,none_known,
guide_spacer_t_fraction,sequence_composition,crRNA_sequence positions 5-25,t fraction,computed after removing gaps,candidate_input,none_known,
target_spacer_ungapped_length_acgt,sequence_composition,target_aligned_25 positions 5-25 with gaps removed,length acgt,computed after removing gaps,candidate_input,none_known,
target_spacer_ungapped_gc_content,sequence_composition,target_aligned_25 positions 5-25 with gaps removed,gc content,computed after removing gaps,candidate_input,none_known,
target_spacer_ungapped_shannon_entropy,sequence_composition,target_aligned_25 positions 5-25 with gaps removed,shannon entropy,computed after removing gaps,candidate_input,none_known,
target_spacer_ungapped_longest_homopolymer,sequence_composition,target_aligned_25 positions 5-25 with gaps removed,longest homopolymer,computed after removing gaps,candidate_input,none_known,
target_spacer_ungapped_a_fraction,sequence_composition,target_aligned_25 positions 5-25 with gaps removed,a fraction,computed after removing gaps,candidate_input,none_known,
target_spacer_ungapped_c_fraction,sequence_composition,target_aligned_25 positions 5-25 with gaps removed,c fraction,computed after removing gaps,candidate_input,none_known,
target_spacer_ungapped_g_fraction,sequence_composition,target_aligned_25 positions 5-25 with gaps removed,g fraction,computed after removing gaps,candidate_input,none_known,
target_spacer_ungapped_t_fraction,sequence_composition,target_aligned_25 positions 5-25 with gaps removed,t fraction,computed after removing gaps,candidate_input,none_known,
mapping_status,source_mapping,Table S2 exact/IUPAC-compatible windows,Audit metadata from source mapping.,uses target_ungapped only for lookup,metadata_only,exclude_or_metadata,Do not use as a default numeric feature; may encode source or pathogen group.
mapping_confidence,source_mapping,Table S2 exact/IUPAC-compatible windows,Audit metadata from source mapping.,uses target_ungapped only for lookup,metadata_only,exclude_or_metadata,Do not use as a default numeric feature; may encode source or pathogen group.
mapping_template_count,source_mapping,Table S2 exact/IUPAC-compatible windows,Audit metadata from source mapping.,uses target_ungapped only for lookup,metadata_only,exclude_or_metadata,Do not use as a default numeric feature; may encode source or pathogen group.
mapping_group_count,source_mapping,Table S2 exact/IUPAC-compatible windows,Audit metadata from source mapping.,uses target_ungapped only for lookup,metadata_only,exclude_or_metadata,Do not use as a default numeric feature; may encode source or pathogen group.
mapping_candidate_template_nos,source_mapping,Table S2 exact/IUPAC-compatible windows,Audit metadata from source mapping.,uses target_ungapped only for lookup,metadata_only,exclude_or_metadata,Do not use as a default numeric feature; may encode source or pathogen group.
mapping_candidate_group_ids,source_mapping,Table S2 exact/IUPAC-compatible windows,Audit metadata from source mapping.,uses target_ungapped only for lookup,metadata_only,exclude_or_metadata,Do not use as a default numeric feature; may encode source or pathogen group.
guide_target_hamming_dist_computed_v0_legacy,legacy_qc,v0 target_sequence,Legacy value retained only for comparison.,v0 removed gaps before comparison,exclude,exclude_or_metadata,
guide_target_hamming_dist_raw,source_qc,Table S3 source column,Unmodified source value.,source semantics unresolved,exclude,exclude_or_metadata,
label_raw_value,label,Table S3 30 min or Table S5 true value,Measured activity label.,not applicable,label_only,exclude_or_metadata,
guide_context_unique_base_count,sequence_context,crRNA_sequence,Number of distinct A/C/G/T bases in the sequence.,Guide must be strict A/C/G/T; no alignment or gap operation.,candidate_input,none_label_independent,Promoted after training-only target-grouped CV; mismatch/gap positions remain derived from target_aligned_25.
guide_context_gc_first_half,sequence_context,crRNA_sequence,GC fraction in sequence[0:floor(L/2)].,Guide must be strict A/C/G/T; no alignment or gap operation.,candidate_input,none_label_independent,Promoted after training-only target-grouped CV; mismatch/gap positions remain derived from target_aligned_25.
guide_context_gc_second_half,sequence_context,crRNA_sequence,GC fraction in sequence[floor(L/2):L].,Guide must be strict A/C/G/T; no alignment or gap operation.,candidate_input,none_label_independent,Promoted after training-only target-grouped CV; mismatch/gap positions remain derived from target_aligned_25.
guide_context_gc_first_5nt,sequence_context,crRNA_sequence,"GC fraction in the first min(5,L) nucleotides.",Guide must be strict A/C/G/T; no alignment or gap operation.,candidate_input,none_label_independent,Promoted after training-only target-grouped CV; mismatch/gap positions remain derived from target_aligned_25.
guide_context_gc_last_5nt,sequence_context,crRNA_sequence,"GC fraction in the last min(5,L) nucleotides.",Guide must be strict A/C/G/T; no alignment or gap operation.,candidate_input,none_label_independent,Promoted after training-only target-grouped CV; mismatch/gap positions remain derived from target_aligned_25.
guide_context_dinuc_AA_frequency,sequence_context,crRNA_sequence,Overlapping count of AA divided by L-2+1; 0 only when L<2.,Guide must be strict A/C/G/T; no alignment or gap operation.,candidate_input,none_label_independent,Promoted after training-only target-grouped CV; mismatch/gap positions remain derived from target_aligned_25.
guide_context_dinuc_AC_frequency,sequence_context,crRNA_sequence,Overlapping count of AC divided by L-2+1; 0 only when L<2.,Guide must be strict A/C/G/T; no alignment or gap operation.,candidate_input,none_label_independent,Promoted after training-only target-grouped CV; mismatch/gap positions remain derived from target_aligned_25.
guide_context_dinuc_AG_frequency,sequence_context,crRNA_sequence,Overlapping count of AG divided by L-2+1; 0 only when L<2.,Guide must be strict A/C/G/T; no alignment or gap operation.,candidate_input,none_label_independent,Promoted after training-only target-grouped CV; mismatch/gap positions remain derived from target_aligned_25.
guide_context_dinuc_AT_frequency,sequence_context,crRNA_sequence,Overlapping count of AT divided by L-2+1; 0 only when L<2.,Guide must be strict A/C/G/T; no alignment or gap operation.,candidate_input,none_label_independent,Promoted after training-only target-grouped CV; mismatch/gap positions remain derived from target_aligned_25.
guide_context_dinuc_CA_frequency,sequence_context,crRNA_sequence,Overlapping count of CA divided by L-2+1; 0 only when L<2.,Guide must be strict A/C/G/T; no alignment or gap operation.,candidate_input,none_label_independent,Promoted after training-only target-grouped CV; mismatch/gap positions remain derived from target_aligned_25.
guide_context_dinuc_CC_frequency,sequence_context,crRNA_sequence,Overlapping count of CC divided by L-2+1; 0 only when L<2.,Guide must be strict A/C/G/T; no alignment or gap operation.,candidate_input,none_label_independent,Promoted after training-only target-grouped CV; mismatch/gap positions remain derived from target_aligned_25.
guide_context_dinuc_CG_frequency,sequence_context,crRNA_sequence,Overlapping count of CG divided by L-2+1; 0 only when L<2.,Guide must be strict A/C/G/T; no alignment or gap operation.,candidate_input,none_label_independent,Promoted after training-only target-grouped CV; mismatch/gap positions remain derived from target_aligned_25.
guide_context_dinuc_CT_frequency,sequence_context,crRNA_sequence,Overlapping count of CT divided by L-2+1; 0 only when L<2.,Guide must be strict A/C/G/T; no alignment or gap operation.,candidate_input,none_label_independent,Promoted after training-only target-grouped CV; mismatch/gap positions remain derived from target_aligned_25.
guide_context_dinuc_GA_frequency,sequence_context,crRNA_sequence,Overlapping count of GA divided by L-2+1; 0 only when L<2.,Guide must be strict A/C/G/T; no alignment or gap operation.,candidate_input,none_label_independent,Promoted after training-only target-grouped CV; mismatch/gap positions remain derived from target_aligned_25.
guide_context_dinuc_GC_frequency,sequence_context,crRNA_sequence,Overlapping count of GC divided by L-2+1; 0 only when L<2.,Guide must be strict A/C/G/T; no alignment or gap operation.,candidate_input,none_label_independent,Promoted after training-only target-grouped CV; mismatch/gap positions remain derived from target_aligned_25.
guide_context_dinuc_GG_frequency,sequence_context,crRNA_sequence,Overlapping count of GG divided by L-2+1; 0 only when L<2.,Guide must be strict A/C/G/T; no alignment or gap operation.,candidate_input,none_label_independent,Promoted after training-only target-grouped CV; mismatch/gap positions remain derived from target_aligned_25.
guide_context_dinuc_GT_frequency,sequence_context,crRNA_sequence,Overlapping count of GT divided by L-2+1; 0 only when L<2.,Guide must be strict A/C/G/T; no alignment or gap operation.,candidate_input,none_label_independent,Promoted after training-only target-grouped CV; mismatch/gap positions remain derived from target_aligned_25.
guide_context_dinuc_TA_frequency,sequence_context,crRNA_sequence,Overlapping count of TA divided by L-2+1; 0 only when L<2.,Guide must be strict A/C/G/T; no alignment or gap operation.,candidate_input,none_label_independent,Promoted after training-only target-grouped CV; mismatch/gap positions remain derived from target_aligned_25.
guide_context_dinuc_TC_frequency,sequence_context,crRNA_sequence,Overlapping count of TC divided by L-2+1; 0 only when L<2.,Guide must be strict A/C/G/T; no alignment or gap operation.,candidate_input,none_label_independent,Promoted after training-only target-grouped CV; mismatch/gap positions remain derived from target_aligned_25.
guide_context_dinuc_TG_frequency,sequence_context,crRNA_sequence,Overlapping count of TG divided by L-2+1; 0 only when L<2.,Guide must be strict A/C/G/T; no alignment or gap operation.,candidate_input,none_label_independent,Promoted after training-only target-grouped CV; mismatch/gap positions remain derived from target_aligned_25.
guide_context_dinuc_TT_frequency,sequence_context,crRNA_sequence,Overlapping count of TT divided by L-2+1; 0 only when L<2.,Guide must be strict A/C/G/T; no alignment or gap operation.,candidate_input,none_label_independent,Promoted after training-only target-grouped CV; mismatch/gap positions remain derived from target_aligned_25.
guide_context_trinuc_AAA_frequency,sequence_context,crRNA_sequence,Overlapping count of AAA divided by L-3+1; 0 only when L<3.,Guide must be strict A/C/G/T; no alignment or gap operation.,candidate_input,none_label_independent,Promoted after training-only target-grouped CV; mismatch/gap positions remain derived from target_aligned_25.
guide_context_trinuc_CCC_frequency,sequence_context,crRNA_sequence,Overlapping count of CCC divided by L-3+1; 0 only when L<3.,Guide must be strict A/C/G/T; no alignment or gap operation.,candidate_input,none_label_independent,Promoted after training-only target-grouped CV; mismatch/gap positions remain derived from target_aligned_25.
guide_context_trinuc_GGG_frequency,sequence_context,crRNA_sequence,Overlapping count of GGG divided by L-3+1; 0 only when L<3.,Guide must be strict A/C/G/T; no alignment or gap operation.,candidate_input,none_label_independent,Promoted after training-only target-grouped CV; mismatch/gap positions remain derived from target_aligned_25.
guide_context_trinuc_TTT_frequency,sequence_context,crRNA_sequence,Overlapping count of TTT divided by L-3+1; 0 only when L<3.,Guide must be strict A/C/G/T; no alignment or gap operation.,candidate_input,none_label_independent,Promoted after training-only target-grouped CV; mismatch/gap positions remain derived from target_aligned_25.
guide_context_trinuc_GCG_frequency,sequence_context,crRNA_sequence,Overlapping count of GCG divided by L-3+1; 0 only when L<3.,Guide must be strict A/C/G/T; no alignment or gap operation.,candidate_input,none_label_independent,Promoted after training-only target-grouped CV; mismatch/gap positions remain derived from target_aligned_25.
guide_context_trinuc_CGC_frequency,sequence_context,crRNA_sequence,Overlapping count of CGC divided by L-3+1; 0 only when L<3.,Guide must be strict A/C/G/T; no alignment or gap operation.,candidate_input,none_label_independent,Promoted after training-only target-grouped CV; mismatch/gap positions remain derived from target_aligned_25.
guide_context_trinuc_TAT_frequency,sequence_context,crRNA_sequence,Overlapping count of TAT divided by L-3+1; 0 only when L<3.,Guide must be strict A/C/G/T; no alignment or gap operation.,candidate_input,none_label_independent,Promoted after training-only target-grouped CV; mismatch/gap positions remain derived from target_aligned_25.
guide_context_trinuc_ATA_frequency,sequence_context,crRNA_sequence,Overlapping count of ATA divided by L-3+1; 0 only when L<3.,Guide must be strict A/C/G/T; no alignment or gap operation.,candidate_input,none_label_independent,Promoted after training-only target-grouped CV; mismatch/gap positions remain derived from target_aligned_25.
target_context_unique_base_count,sequence_context,target_ungapped,Number of distinct A/C/G/T bases in the sequence.,Computed from target_ungapped; alignment gaps are excluded from composition.,candidate_input,none_label_independent,Promoted after training-only target-grouped CV; mismatch/gap positions remain derived from target_aligned_25.
target_context_gc_first_half,sequence_context,target_ungapped,GC fraction in sequence[0:floor(L/2)].,Computed from target_ungapped; alignment gaps are excluded from composition.,candidate_input,none_label_independent,Promoted after training-only target-grouped CV; mismatch/gap positions remain derived from target_aligned_25.
target_context_gc_second_half,sequence_context,target_ungapped,GC fraction in sequence[floor(L/2):L].,Computed from target_ungapped; alignment gaps are excluded from composition.,candidate_input,none_label_independent,Promoted after training-only target-grouped CV; mismatch/gap positions remain derived from target_aligned_25.
target_context_gc_first_5nt,sequence_context,target_ungapped,"GC fraction in the first min(5,L) nucleotides.",Computed from target_ungapped; alignment gaps are excluded from composition.,candidate_input,none_label_independent,Promoted after training-only target-grouped CV; mismatch/gap positions remain derived from target_aligned_25.
target_context_gc_last_5nt,sequence_context,target_ungapped,"GC fraction in the last min(5,L) nucleotides.",Computed from target_ungapped; alignment gaps are excluded from composition.,candidate_input,none_label_independent,Promoted after training-only target-grouped CV; mismatch/gap positions remain derived from target_aligned_25.
target_context_dinuc_AA_frequency,sequence_context,target_ungapped,Overlapping count of AA divided by L-2+1; 0 only when L<2.,Computed from target_ungapped; alignment gaps are excluded from composition.,candidate_input,none_label_independent,Promoted after training-only target-grouped CV; mismatch/gap positions remain derived from target_aligned_25.
target_context_dinuc_AC_frequency,sequence_context,target_ungapped,Overlapping count of AC divided by L-2+1; 0 only when L<2.,Computed from target_ungapped; alignment gaps are excluded from composition.,candidate_input,none_label_independent,Promoted after training-only target-grouped CV; mismatch/gap positions remain derived from target_aligned_25.
target_context_dinuc_AG_frequency,sequence_context,target_ungapped,Overlapping count of AG divided by L-2+1; 0 only when L<2.,Computed from target_ungapped; alignment gaps are excluded from composition.,candidate_input,none_label_independent,Promoted after training-only target-grouped CV; mismatch/gap positions remain derived from target_aligned_25.
target_context_dinuc_AT_frequency,sequence_context,target_ungapped,Overlapping count of AT divided by L-2+1; 0 only when L<2.,Computed from target_ungapped; alignment gaps are excluded from composition.,candidate_input,none_label_independent,Promoted after training-only target-grouped CV; mismatch/gap positions remain derived from target_aligned_25.
target_context_dinuc_CA_frequency,sequence_context,target_ungapped,Overlapping count of CA divided by L-2+1; 0 only when L<2.,Computed from target_ungapped; alignment gaps are excluded from composition.,candidate_input,none_label_independent,Promoted after training-only target-grouped CV; mismatch/gap positions remain derived from target_aligned_25.
target_context_dinuc_CC_frequency,sequence_context,target_ungapped,Overlapping count of CC divided by L-2+1; 0 only when L<2.,Computed from target_ungapped; alignment gaps are excluded from composition.,candidate_input,none_label_independent,Promoted after training-only target-grouped CV; mismatch/gap positions remain derived from target_aligned_25.
target_context_dinuc_CG_frequency,sequence_context,target_ungapped,Overlapping count of CG divided by L-2+1; 0 only when L<2.,Computed from target_ungapped; alignment gaps are excluded from composition.,candidate_input,none_label_independent,Promoted after training-only target-grouped CV; mismatch/gap positions remain derived from target_aligned_25.
target_context_dinuc_CT_frequency,sequence_context,target_ungapped,Overlapping count of CT divided by L-2+1; 0 only when L<2.,Computed from target_ungapped; alignment gaps are excluded from composition.,candidate_input,none_label_independent,Promoted after training-only target-grouped CV; mismatch/gap positions remain derived from target_aligned_25.
target_context_dinuc_GA_frequency,sequence_context,target_ungapped,Overlapping count of GA divided by L-2+1; 0 only when L<2.,Computed from target_ungapped; alignment gaps are excluded from composition.,candidate_input,none_label_independent,Promoted after training-only target-grouped CV; mismatch/gap positions remain derived from target_aligned_25.
target_context_dinuc_GC_frequency,sequence_context,target_ungapped,Overlapping count of GC divided by L-2+1; 0 only when L<2.,Computed from target_ungapped; alignment gaps are excluded from composition.,candidate_input,none_label_independent,Promoted after training-only target-grouped CV; mismatch/gap positions remain derived from target_aligned_25.
target_context_dinuc_GG_frequency,sequence_context,target_ungapped,Overlapping count of GG divided by L-2+1; 0 only when L<2.,Computed from target_ungapped; alignment gaps are excluded from composition.,candidate_input,none_label_independent,Promoted after training-only target-grouped CV; mismatch/gap positions remain derived from target_aligned_25.
target_context_dinuc_GT_frequency,sequence_context,target_ungapped,Overlapping count of GT divided by L-2+1; 0 only when L<2.,Computed from target_ungapped; alignment gaps are excluded from composition.,candidate_input,none_label_independent,Promoted after training-only target-grouped CV; mismatch/gap positions remain derived from target_aligned_25.
target_context_dinuc_TA_frequency,sequence_context,target_ungapped,Overlapping count of TA divided by L-2+1; 0 only when L<2.,Computed from target_ungapped; alignment gaps are excluded from composition.,candidate_input,none_label_independent,Promoted after training-only target-grouped CV; mismatch/gap positions remain derived from target_aligned_25.
target_context_dinuc_TC_frequency,sequence_context,target_ungapped,Overlapping count of TC divided by L-2+1; 0 only when L<2.,Computed from target_ungapped; alignment gaps are excluded from composition.,candidate_input,none_label_independent,Promoted after training-only target-grouped CV; mismatch/gap positions remain derived from target_aligned_25.
target_context_dinuc_TG_frequency,sequence_context,target_ungapped,Overlapping count of TG divided by L-2+1; 0 only when L<2.,Computed from target_ungapped; alignment gaps are excluded from composition.,candidate_input,none_label_independent,Promoted after training-only target-grouped CV; mismatch/gap positions remain derived from target_aligned_25.
target_context_dinuc_TT_frequency,sequence_context,target_ungapped,Overlapping count of TT divided by L-2+1; 0 only when L<2.,Computed from target_ungapped; alignment gaps are excluded from composition.,candidate_input,none_label_independent,Promoted after training-only target-grouped CV; mismatch/gap positions remain derived from target_aligned_25.
target_context_trinuc_AAA_frequency,sequence_context,target_ungapped,Overlapping count of AAA divided by L-3+1; 0 only when L<3.,Computed from target_ungapped; alignment gaps are excluded from composition.,candidate_input,none_label_independent,Promoted after training-only target-grouped CV; mismatch/gap positions remain derived from target_aligned_25.
target_context_trinuc_CCC_frequency,sequence_context,target_ungapped,Overlapping count of CCC divided by L-3+1; 0 only when L<3.,Computed from target_ungapped; alignment gaps are excluded from composition.,candidate_input,none_label_independent,Promoted after training-only target-grouped CV; mismatch/gap positions remain derived from target_aligned_25.
target_context_trinuc_GGG_frequency,sequence_context,target_ungapped,Overlapping count of GGG divided by L-3+1; 0 only when L<3.,Computed from target_ungapped; alignment gaps are excluded from composition.,candidate_input,none_label_independent,Promoted after training-only target-grouped CV; mismatch/gap positions remain derived from target_aligned_25.
target_context_trinuc_TTT_frequency,sequence_context,target_ungapped,Overlapping count of TTT divided by L-3+1; 0 only when L<3.,Computed from target_ungapped; alignment gaps are excluded from composition.,candidate_input,none_label_independent,Promoted after training-only target-grouped CV; mismatch/gap positions remain derived from target_aligned_25.
target_context_trinuc_GCG_frequency,sequence_context,target_ungapped,Overlapping count of GCG divided by L-3+1; 0 only when L<3.,Computed from target_ungapped; alignment gaps are excluded from composition.,candidate_input,none_label_independent,Promoted after training-only target-grouped CV; mismatch/gap positions remain derived from target_aligned_25.
target_context_trinuc_CGC_frequency,sequence_context,target_ungapped,Overlapping count of CGC divided by L-3+1; 0 only when L<3.,Computed from target_ungapped; alignment gaps are excluded from composition.,candidate_input,none_label_independent,Promoted after training-only target-grouped CV; mismatch/gap positions remain derived from target_aligned_25.
target_context_trinuc_TAT_frequency,sequence_context,target_ungapped,Overlapping count of TAT divided by L-3+1; 0 only when L<3.,Computed from target_ungapped; alignment gaps are excluded from composition.,candidate_input,none_label_independent,Promoted after training-only target-grouped CV; mismatch/gap positions remain derived from target_aligned_25.
target_context_trinuc_ATA_frequency,sequence_context,target_ungapped,Overlapping count of ATA divided by L-3+1; 0 only when L<3.,Computed from target_ungapped; alignment gaps are excluded from composition.,candidate_input,none_label_independent,Promoted after training-only target-grouped CV; mismatch/gap positions remain derived from target_aligned_25.
thermo_guide_spacer_unfolding_ensemble_rna_proxy_kcal_mol,thermodynamic,spacer_sequence_guide,Negative ViennaRNA Turner-2004 ensemble free energy of the reverse-complemented 21-nt guide representation at 37 C.,guide has fixed 21-nt A/C/G/T sequence,candidate_input,none_known,Spacer-only RNA unfolding proxy; not the complete crRNA because the direct repeat is unavailable. Positive values indicate a larger predicted unfolding cost.
thermo_target_local_dsDNA_separation_mfe_dna_proxy_kcal_mol,thermodynamic,spacer_sequence_target_ungapped_by_alignment,Negative ViennaRNA Mathews-2004 DNA duplex MFE between the local target and its reverse complement at 37 C.,gaps removed after alignment; length retained separately,candidate_input,none_known,Positive local dsDNA separation-cost proxy; not a full plasmid or RPA-product free energy.
thermo_guide_target_full_hybrid_mfe_rna_proxy_kcal_mol,thermodynamic,spacer_sequence_guide; spacer_sequence_target_ungapped_by_alignment,ViennaRNA RNAduplex MFE at 37 C after reverse-complementing the stored guide representation; target is converted T-to-U.,target gaps removed; bulges may arise from unequal lengths,candidate_input,none_known,RNA-RNA hybridization proxy only; the physical Cas12a R-loop is an RNA-DNA hybrid and includes protein effects.
thermo_guide_target_seed6_hybrid_mfe_rna_proxy_kcal_mol,thermodynamic,first 6 PAM-proximal bases of spacer_sequence_guide and spacer_sequence_target_aligned,ViennaRNA RNAduplex MFE for the PAM-proximal six-base spacer segment at 37 C.,aligned target gap removed within seed6 segment,candidate_input,none_known,Seed6 RNA-RNA proxy based on the Cas12a PAM-proximal seed; PAM bases themselves are excluded.
