feature,included_in_feature_table_v1,category,meaning,calculation,generator_validation_status,reference_feature_name,reference_importance,reference_rank,selection_reason_zh,selection_reason_en
selected_alignment_mode,no,metadata,Target representation selected by orientation validation,Best match to existing Hamming-distance column,computationally validated,,,,常量或审计元数据，不作为模型特征。,Constant or audit metadata; not a model feature.
computational_validation_status,no,,,,,,,,常量或审计元数据，不作为模型特征。,Constant or audit metadata; not a model feature.
biological_source_validation_status,no,,,,,,,,常量或审计元数据，不作为模型特征。,Constant or audit metadata; not a model feature.
cleaned_crRNA_sequence,no,,,,,,,,与 v0 中已保留的序列字段重复，仅用于审计。,Duplicates sequence fields retained in v0 and is audit-only.
cleaned_target_sequence_original,no,,,,,,,,与 v0 中已保留的序列字段重复，仅用于审计。,Duplicates sequence fields retained in v0 and is audit-only.
transformed_target_sequence,no,,,,,,,,与 v0 中已保留的序列字段重复，仅用于审计。,Duplicates sequence fields retained in v0 and is audit-only.
guide_length_engineered,no,single sequence,Length of crRNA/guide,Number of cleaned A/C/G/T bases,deterministic,,,,与 v0 的长度或 GC 字段重复或可由其精确推出。,Duplicates or is exactly derivable from a length or GC field already present in v0.
guide_gc_content_engineered,no,single sequence,GC content of crRNA/guide,(G + C) / sequence length,deterministic,guide_gc_eng,0.0042890655,25,与 v0 的长度或 GC 字段重复或可由其精确推出。,Duplicates or is exactly derivable from a length or GC field already present in v0.
guide_entropy,yes,single sequence,Shannon entropy of crRNA/guide,-sum[p(base) log2 p(base)],deterministic,guide_entropy,0.0032717253,59,通过复算；具有可解释性，并由参考重要性结果或特征家族完整性支持。,Recomputed successfully; interpretable and supported by reference importance or feature-family completeness.
guide_longest_homopolymer,yes,single sequence,Longest identical-base run in crRNA/guide,Maximum consecutive identical bases,deterministic,guide_longest_homopolymer,0.0064723683,16,通过复算；具有可解释性，并由参考重要性结果或特征家族完整性支持。,Recomputed successfully; interpretable and supported by reference importance or feature-family completeness.
guide_unique_base_count,no,single sequence,Number of distinct bases in crRNA/guide,Count of unique A/C/G/T,deterministic,guide_unique_base_count,0.0021768436,99,可复算但本轮缺少足够的独立重要性或解释性证据。,Recomputable but lacks sufficient independent importance or interpretability evidence for this compact v1.
guide_gc_first_half,yes,local GC,Local GC content of crRNA/guide: gc_first_half,(G + C) / local sequence length,deterministic,guide_gc_first_half,0.0041659577,29,通过复算；具有可解释性，并由参考重要性结果或特征家族完整性支持。,Recomputed successfully; interpretable and supported by reference importance or feature-family completeness.
guide_gc_second_half,yes,local GC,Local GC content of crRNA/guide: gc_second_half,(G + C) / local sequence length,deterministic,guide_gc_second_half,0.0041693235,28,通过复算；具有可解释性，并由参考重要性结果或特征家族完整性支持。,Recomputed successfully; interpretable and supported by reference importance or feature-family completeness.
guide_gc_first_5,yes,local GC,Local GC content of crRNA/guide: gc_first_5,(G + C) / local sequence length,deterministic,guide_gc_first_5,0.0055304607,20,通过复算；具有可解释性，并由参考重要性结果或特征家族完整性支持。,Recomputed successfully; interpretable and supported by reference importance or feature-family completeness.
guide_gc_last_5,no,local GC,Local GC content of crRNA/guide: gc_last_5,(G + C) / local sequence length,deterministic,guide_gc_last_5,0.0039503137,40,可复算但本轮缺少足够的独立重要性或解释性证据。,Recomputable but lacks sufficient independent importance or interpretability evidence for this compact v1.
guide_A_fraction,no,nucleotide composition,Fraction of A in crRNA/guide,count(A) / sequence length,deterministic,guide_A_fraction,0.003125248,67,可复算但本轮缺少足够的独立重要性或解释性证据。,Recomputable but lacks sufficient independent importance or interpretability evidence for this compact v1.
guide_C_fraction,no,nucleotide composition,Fraction of C in crRNA/guide,count(C) / sequence length,deterministic,guide_C_fraction,0.0035902602,49,可复算但本轮缺少足够的独立重要性或解释性证据。,Recomputable but lacks sufficient independent importance or interpretability evidence for this compact v1.
guide_G_fraction,no,nucleotide composition,Fraction of G in crRNA/guide,count(G) / sequence length,deterministic,guide_G_fraction,0.0033130485,58,可复算但本轮缺少足够的独立重要性或解释性证据。,Recomputable but lacks sufficient independent importance or interpretability evidence for this compact v1.
guide_T_fraction,no,nucleotide composition,Fraction of T in crRNA/guide,count(T) / sequence length,deterministic,guide_T_fraction,0.0030305907,68,可复算但本轮缺少足够的独立重要性或解释性证据。,Recomputable but lacks sufficient independent importance or interpretability evidence for this compact v1.
guide_dinuc_AA,no,2-mer frequency,Frequency of AA in crRNA/guide,Occurrences / possible 2-mer positions,deterministic,guide_dinuc_AA,0.0029865322,72,为保持 v1 紧凑，本轮仅保留参考重要性支持的少量 k-mer。,Excluded to keep v1 compact; only a small importance-supported k-mer subset is retained.
guide_dinuc_AC,no,2-mer frequency,Frequency of AC in crRNA/guide,Occurrences / possible 2-mer positions,deterministic,guide_dinuc_AC,0.0029900956,71,为保持 v1 紧凑，本轮仅保留参考重要性支持的少量 k-mer。,Excluded to keep v1 compact; only a small importance-supported k-mer subset is retained.
guide_dinuc_AG,yes,2-mer frequency,Frequency of AG in crRNA/guide,Occurrences / possible 2-mer positions,deterministic,guide_dinuc_AG,0.004194622,27,通过复算；具有可解释性，并由参考重要性结果或特征家族完整性支持。,Recomputed successfully; interpretable and supported by reference importance or feature-family completeness.
guide_dinuc_AT,no,2-mer frequency,Frequency of AT in crRNA/guide,Occurrences / possible 2-mer positions,deterministic,guide_dinuc_AT,0.0039132703,42,为保持 v1 紧凑，本轮仅保留参考重要性支持的少量 k-mer。,Excluded to keep v1 compact; only a small importance-supported k-mer subset is retained.
guide_dinuc_CA,no,2-mer frequency,Frequency of CA in crRNA/guide,Occurrences / possible 2-mer positions,deterministic,guide_dinuc_CA,0.0031685021,65,为保持 v1 紧凑，本轮仅保留参考重要性支持的少量 k-mer。,Excluded to keep v1 compact; only a small importance-supported k-mer subset is retained.
guide_dinuc_CC,no,2-mer frequency,Frequency of CC in crRNA/guide,Occurrences / possible 2-mer positions,deterministic,guide_dinuc_CC,0.0038479622,43,为保持 v1 紧凑，本轮仅保留参考重要性支持的少量 k-mer。,Excluded to keep v1 compact; only a small importance-supported k-mer subset is retained.
guide_dinuc_CG,no,2-mer frequency,Frequency of CG in crRNA/guide,Occurrences / possible 2-mer positions,deterministic,guide_dinuc_CG,0.003616344,48,为保持 v1 紧凑，本轮仅保留参考重要性支持的少量 k-mer。,Excluded to keep v1 compact; only a small importance-supported k-mer subset is retained.
guide_dinuc_CT,no,2-mer frequency,Frequency of CT in crRNA/guide,Occurrences / possible 2-mer positions,deterministic,guide_dinuc_CT,0.0030174963,70,为保持 v1 紧凑，本轮仅保留参考重要性支持的少量 k-mer。,Excluded to keep v1 compact; only a small importance-supported k-mer subset is retained.
guide_dinuc_GA,yes,2-mer frequency,Frequency of GA in crRNA/guide,Occurrences / possible 2-mer positions,deterministic,guide_dinuc_GA,0.005126245,23,通过复算；具有可解释性，并由参考重要性结果或特征家族完整性支持。,Recomputed successfully; interpretable and supported by reference importance or feature-family completeness.
guide_dinuc_GC,no,2-mer frequency,Frequency of GC in crRNA/guide,Occurrences / possible 2-mer positions,deterministic,guide_dinuc_GC,0.0039595594,39,为保持 v1 紧凑，本轮仅保留参考重要性支持的少量 k-mer。,Excluded to keep v1 compact; only a small importance-supported k-mer subset is retained.
guide_dinuc_GG,no,2-mer frequency,Frequency of GG in crRNA/guide,Occurrences / possible 2-mer positions,deterministic,guide_dinuc_GG,0.0039855274,36,为保持 v1 紧凑，本轮仅保留参考重要性支持的少量 k-mer。,Excluded to keep v1 compact; only a small importance-supported k-mer subset is retained.
guide_dinuc_GT,yes,2-mer frequency,Frequency of GT in crRNA/guide,Occurrences / possible 2-mer positions,deterministic,guide_dinuc_GT,0.004222419,26,通过复算；具有可解释性，并由参考重要性结果或特征家族完整性支持。,Recomputed successfully; interpretable and supported by reference importance or feature-family completeness.
guide_dinuc_TA,no,2-mer frequency,Frequency of TA in crRNA/guide,Occurrences / possible 2-mer positions,deterministic,guide_dinuc_TA,0.004040571,34,为保持 v1 紧凑，本轮仅保留参考重要性支持的少量 k-mer。,Excluded to keep v1 compact; only a small importance-supported k-mer subset is retained.
guide_dinuc_TC,no,2-mer frequency,Frequency of TC in crRNA/guide,Occurrences / possible 2-mer positions,deterministic,guide_dinuc_TC,0.0031463641,66,为保持 v1 紧凑，本轮仅保留参考重要性支持的少量 k-mer。,Excluded to keep v1 compact; only a small importance-supported k-mer subset is retained.
guide_dinuc_TG,no,2-mer frequency,Frequency of TG in crRNA/guide,Occurrences / possible 2-mer positions,deterministic,guide_dinuc_TG,0.0040773833,33,为保持 v1 紧凑，本轮仅保留参考重要性支持的少量 k-mer。,Excluded to keep v1 compact; only a small importance-supported k-mer subset is retained.
guide_dinuc_TT,no,2-mer frequency,Frequency of TT in crRNA/guide,Occurrences / possible 2-mer positions,deterministic,guide_dinuc_TT,0.0032685755,61,为保持 v1 紧凑，本轮仅保留参考重要性支持的少量 k-mer。,Excluded to keep v1 compact; only a small importance-supported k-mer subset is retained.
guide_trinuc_AAA,yes,3-mer frequency,Frequency of AAA in crRNA/guide,Occurrences / possible 3-mer positions,deterministic,guide_trinuc_AAA,0.006313448,18,通过复算；具有可解释性，并由参考重要性结果或特征家族完整性支持。,Recomputed successfully; interpretable and supported by reference importance or feature-family completeness.
guide_trinuc_CCC,no,3-mer frequency,Frequency of CCC in crRNA/guide,Occurrences / possible 3-mer positions,deterministic,guide_trinuc_CCC,0.0037531762,45,为保持 v1 紧凑，本轮仅保留参考重要性支持的少量 k-mer。,Excluded to keep v1 compact; only a small importance-supported k-mer subset is retained.
guide_trinuc_GGG,no,3-mer frequency,Frequency of GGG in crRNA/guide,Occurrences / possible 3-mer positions,deterministic,guide_trinuc_GGG,0.0035707029,50,为保持 v1 紧凑，本轮仅保留参考重要性支持的少量 k-mer。,Excluded to keep v1 compact; only a small importance-supported k-mer subset is retained.
guide_trinuc_TTT,yes,3-mer frequency,Frequency of TTT in crRNA/guide,Occurrences / possible 3-mer positions,deterministic,guide_trinuc_TTT,0.008895093,8,通过复算；具有可解释性，并由参考重要性结果或特征家族完整性支持。,Recomputed successfully; interpretable and supported by reference importance or feature-family completeness.
guide_trinuc_GCG,no,3-mer frequency,Frequency of GCG in crRNA/guide,Occurrences / possible 3-mer positions,deterministic,guide_trinuc_GCG,0.0035557416,52,为保持 v1 紧凑，本轮仅保留参考重要性支持的少量 k-mer。,Excluded to keep v1 compact; only a small importance-supported k-mer subset is retained.
guide_trinuc_CGC,no,3-mer frequency,Frequency of CGC in crRNA/guide,Occurrences / possible 3-mer positions,deterministic,guide_trinuc_CGC,0.0035702027,51,为保持 v1 紧凑，本轮仅保留参考重要性支持的少量 k-mer。,Excluded to keep v1 compact; only a small importance-supported k-mer subset is retained.
guide_trinuc_TAT,no,3-mer frequency,Frequency of TAT in crRNA/guide,Occurrences / possible 3-mer positions,deterministic,guide_trinuc_TAT,0.0039650775,38,为保持 v1 紧凑，本轮仅保留参考重要性支持的少量 k-mer。,Excluded to keep v1 compact; only a small importance-supported k-mer subset is retained.
guide_trinuc_ATA,no,3-mer frequency,Frequency of ATA in crRNA/guide,Occurrences / possible 3-mer positions,deterministic,guide_trinuc_ATA,0.0034204354,56,为保持 v1 紧凑，本轮仅保留参考重要性支持的少量 k-mer。,Excluded to keep v1 compact; only a small importance-supported k-mer subset is retained.
target_length_engineered,no,single sequence,Length of target,Number of cleaned A/C/G/T bases,deterministic,target_len_eng,0.0075763846,12,与 v0 的长度或 GC 字段重复或可由其精确推出。,Duplicates or is exactly derivable from a length or GC field already present in v0.
target_gc_content_engineered,no,single sequence,GC content of target,(G + C) / sequence length,deterministic,target_gc_eng,0.0022741011,93,与 v0 的长度或 GC 字段重复或可由其精确推出。,Duplicates or is exactly derivable from a length or GC field already present in v0.
target_entropy,yes,single sequence,Shannon entropy of target,-sum[p(base) log2 p(base)],deterministic,target_entropy,0.0019650778,108,通过复算；具有可解释性，并由参考重要性结果或特征家族完整性支持。,Recomputed successfully; interpretable and supported by reference importance or feature-family completeness.
target_longest_homopolymer,yes,single sequence,Longest identical-base run in target,Maximum consecutive identical bases,deterministic,target_longest_homopolymer,0.005062726,24,通过复算；具有可解释性，并由参考重要性结果或特征家族完整性支持。,Recomputed successfully; interpretable and supported by reference importance or feature-family completeness.
target_unique_base_count,no,single sequence,Number of distinct bases in target,Count of unique A/C/G/T,deterministic,target_unique_base_count,0.0013828002,125,可复算但本轮缺少足够的独立重要性或解释性证据。,Recomputable but lacks sufficient independent importance or interpretability evidence for this compact v1.
target_gc_first_half,yes,local GC,Local GC content of target: gc_first_half,(G + C) / local sequence length,deterministic,target_gc_first_half,0.0025688272,81,通过复算；具有可解释性，并由参考重要性结果或特征家族完整性支持。,Recomputed successfully; interpretable and supported by reference importance or feature-family completeness.
target_gc_second_half,yes,local GC,Local GC content of target: gc_second_half,(G + C) / local sequence length,deterministic,target_gc_second_half,0.003268835,60,通过复算；具有可解释性，并由参考重要性结果或特征家族完整性支持。,Recomputed successfully; interpretable and supported by reference importance or feature-family completeness.
target_gc_first_5,yes,local GC,Local GC content of target: gc_first_5,(G + C) / local sequence length,deterministic,target_gc_first_5,0.0031940676,64,通过复算；具有可解释性，并由参考重要性结果或特征家族完整性支持。,Recomputed successfully; interpretable and supported by reference importance or feature-family completeness.
target_gc_last_5,no,local GC,Local GC content of target: gc_last_5,(G + C) / local sequence length,deterministic,target_gc_last_5,0.0026973577,78,可复算但本轮缺少足够的独立重要性或解释性证据。,Recomputable but lacks sufficient independent importance or interpretability evidence for this compact v1.
target_A_fraction,no,nucleotide composition,Fraction of A in target,count(A) / sequence length,deterministic,target_A_fraction,0.0034355505,55,可复算但本轮缺少足够的独立重要性或解释性证据。,Recomputable but lacks sufficient independent importance or interpretability evidence for this compact v1.
target_C_fraction,no,nucleotide composition,Fraction of C in target,count(C) / sequence length,deterministic,target_C_fraction,0.0027444921,77,可复算但本轮缺少足够的独立重要性或解释性证据。,Recomputable but lacks sufficient independent importance or interpretability evidence for this compact v1.
target_G_fraction,no,nucleotide composition,Fraction of G in target,count(G) / sequence length,deterministic,target_G_fraction,0.0026031616,80,可复算但本轮缺少足够的独立重要性或解释性证据。,Recomputable but lacks sufficient independent importance or interpretability evidence for this compact v1.
target_T_fraction,no,nucleotide composition,Fraction of T in target,count(T) / sequence length,deterministic,target_T_fraction,0.0021206895,102,可复算但本轮缺少足够的独立重要性或解释性证据。,Recomputable but lacks sufficient independent importance or interpretability evidence for this compact v1.
target_dinuc_AA,no,2-mer frequency,Frequency of AA in target,Occurrences / possible 2-mer positions,deterministic,target_dinuc_AA,0.0022174024,98,为保持 v1 紧凑，本轮仅保留参考重要性支持的少量 k-mer。,Excluded to keep v1 compact; only a small importance-supported k-mer subset is retained.
target_dinuc_AC,no,2-mer frequency,Frequency of AC in target,Occurrences / possible 2-mer positions,deterministic,target_dinuc_AC,0.0026462416,79,为保持 v1 紧凑，本轮仅保留参考重要性支持的少量 k-mer。,Excluded to keep v1 compact; only a small importance-supported k-mer subset is retained.
target_dinuc_AG,no,2-mer frequency,Frequency of AG in target,Occurrences / possible 2-mer positions,deterministic,target_dinuc_AG,0.0034772782,54,为保持 v1 紧凑，本轮仅保留参考重要性支持的少量 k-mer。,Excluded to keep v1 compact; only a small importance-supported k-mer subset is retained.
target_dinuc_AT,no,2-mer frequency,Frequency of AT in target,Occurrences / possible 2-mer positions,deterministic,target_dinuc_AT,0.002296186,92,为保持 v1 紧凑，本轮仅保留参考重要性支持的少量 k-mer。,Excluded to keep v1 compact; only a small importance-supported k-mer subset is retained.
target_dinuc_CA,no,2-mer frequency,Frequency of CA in target,Occurrences / possible 2-mer positions,deterministic,target_dinuc_CA,0.002221246,97,为保持 v1 紧凑，本轮仅保留参考重要性支持的少量 k-mer。,Excluded to keep v1 compact; only a small importance-supported k-mer subset is retained.
target_dinuc_CC,no,2-mer frequency,Frequency of CC in target,Occurrences / possible 2-mer positions,deterministic,target_dinuc_CC,0.0023919658,87,为保持 v1 紧凑，本轮仅保留参考重要性支持的少量 k-mer。,Excluded to keep v1 compact; only a small importance-supported k-mer subset is retained.
target_dinuc_CG,no,2-mer frequency,Frequency of CG in target,Occurrences / possible 2-mer positions,deterministic,target_dinuc_CG,0.0032623243,62,为保持 v1 紧凑，本轮仅保留参考重要性支持的少量 k-mer。,Excluded to keep v1 compact; only a small importance-supported k-mer subset is retained.
target_dinuc_CT,no,2-mer frequency,Frequency of CT in target,Occurrences / possible 2-mer positions,deterministic,target_dinuc_CT,0.002399141,86,为保持 v1 紧凑，本轮仅保留参考重要性支持的少量 k-mer。,Excluded to keep v1 compact; only a small importance-supported k-mer subset is retained.
target_dinuc_GA,no,2-mer frequency,Frequency of GA in target,Occurrences / possible 2-mer positions,deterministic,target_dinuc_GA,0.003026045,69,为保持 v1 紧凑，本轮仅保留参考重要性支持的少量 k-mer。,Excluded to keep v1 compact; only a small importance-supported k-mer subset is retained.
target_dinuc_GC,no,2-mer frequency,Frequency of GC in target,Occurrences / possible 2-mer positions,deterministic,target_dinuc_GC,0.0038010075,44,为保持 v1 紧凑，本轮仅保留参考重要性支持的少量 k-mer。,Excluded to keep v1 compact; only a small importance-supported k-mer subset is retained.
target_dinuc_GG,no,2-mer frequency,Frequency of GG in target,Occurrences / possible 2-mer positions,deterministic,target_dinuc_GG,0.0024938937,84,为保持 v1 紧凑，本轮仅保留参考重要性支持的少量 k-mer。,Excluded to keep v1 compact; only a small importance-supported k-mer subset is retained.
target_dinuc_GT,no,2-mer frequency,Frequency of GT in target,Occurrences / possible 2-mer positions,deterministic,target_dinuc_GT,0.0029287261,74,为保持 v1 紧凑，本轮仅保留参考重要性支持的少量 k-mer。,Excluded to keep v1 compact; only a small importance-supported k-mer subset is retained.
target_dinuc_TA,no,2-mer frequency,Frequency of TA in target,Occurrences / possible 2-mer positions,deterministic,target_dinuc_TA,0.003643106,47,为保持 v1 紧凑，本轮仅保留参考重要性支持的少量 k-mer。,Excluded to keep v1 compact; only a small importance-supported k-mer subset is retained.
target_dinuc_TC,no,2-mer frequency,Frequency of TC in target,Occurrences / possible 2-mer positions,deterministic,target_dinuc_TC,0.002368952,90,为保持 v1 紧凑，本轮仅保留参考重要性支持的少量 k-mer。,Excluded to keep v1 compact; only a small importance-supported k-mer subset is retained.
target_dinuc_TG,no,2-mer frequency,Frequency of TG in target,Occurrences / possible 2-mer positions,deterministic,target_dinuc_TG,0.0023881153,88,为保持 v1 紧凑，本轮仅保留参考重要性支持的少量 k-mer。,Excluded to keep v1 compact; only a small importance-supported k-mer subset is retained.
target_dinuc_TT,no,2-mer frequency,Frequency of TT in target,Occurrences / possible 2-mer positions,deterministic,target_dinuc_TT,0.0025407756,82,为保持 v1 紧凑，本轮仅保留参考重要性支持的少量 k-mer。,Excluded to keep v1 compact; only a small importance-supported k-mer subset is retained.
target_trinuc_AAA,no,3-mer frequency,Frequency of AAA in target,Occurrences / possible 3-mer positions,deterministic,target_trinuc_AAA,0.0033252952,57,为保持 v1 紧凑，本轮仅保留参考重要性支持的少量 k-mer。,Excluded to keep v1 compact; only a small importance-supported k-mer subset is retained.
target_trinuc_CCC,no,3-mer frequency,Frequency of CCC in target,Occurrences / possible 3-mer positions,deterministic,target_trinuc_CCC,0.0027643573,76,为保持 v1 紧凑，本轮仅保留参考重要性支持的少量 k-mer。,Excluded to keep v1 compact; only a small importance-supported k-mer subset is retained.
target_trinuc_GGG,no,3-mer frequency,Frequency of GGG in target,Occurrences / possible 3-mer positions,deterministic,target_trinuc_GGG,0.0019732043,107,为保持 v1 紧凑，本轮仅保留参考重要性支持的少量 k-mer。,Excluded to keep v1 compact; only a small importance-supported k-mer subset is retained.
target_trinuc_TTT,yes,3-mer frequency,Frequency of TTT in target,Occurrences / possible 3-mer positions,deterministic,target_trinuc_TTT,0.009717811,7,通过复算；具有可解释性，并由参考重要性结果或特征家族完整性支持。,Recomputed successfully; interpretable and supported by reference importance or feature-family completeness.
target_trinuc_GCG,no,3-mer frequency,Frequency of GCG in target,Occurrences / possible 3-mer positions,deterministic,target_trinuc_GCG,0.0021558786,100,为保持 v1 紧凑，本轮仅保留参考重要性支持的少量 k-mer。,Excluded to keep v1 compact; only a small importance-supported k-mer subset is retained.
target_trinuc_CGC,no,3-mer frequency,Frequency of CGC in target,Occurrences / possible 3-mer positions,deterministic,target_trinuc_CGC,0.002253992,94,为保持 v1 紧凑，本轮仅保留参考重要性支持的少量 k-mer。,Excluded to keep v1 compact; only a small importance-supported k-mer subset is retained.
target_trinuc_TAT,no,3-mer frequency,Frequency of TAT in target,Occurrences / possible 3-mer positions,deterministic,target_trinuc_TAT,0.0024893612,85,为保持 v1 紧凑，本轮仅保留参考重要性支持的少量 k-mer。,Excluded to keep v1 compact; only a small importance-supported k-mer subset is retained.
target_trinuc_ATA,no,3-mer frequency,Frequency of ATA in target,Occurrences / possible 3-mer positions,deterministic,target_trinuc_ATA,0.003543255,53,为保持 v1 紧凑，本轮仅保留参考重要性支持的少量 k-mer。,Excluded to keep v1 compact; only a small importance-supported k-mer subset is retained.
aligned_length,no,pairwise,Length used for direct position-wise comparison,"min(guide length, transformed target length)",deterministic,eng_aligned_length,0.0012322379,129,与 v0 的长度或 GC 字段重复或可由其精确推出。,Duplicates or is exactly derivable from a length or GC field already present in v0.
length_difference,no,pairwise,Absolute difference between sequence lengths,abs(guide length - target length),deterministic,eng_length_difference,0.00030146667,131,与 v0 的长度或 GC 字段重复或可由其精确推出。,Duplicates or is exactly derivable from a length or GC field already present in v0.
mismatch_count_validated,no,pairwise,Mismatch count including extra unpaired positions,shared-position mismatches + length difference,computationally validated,eng_mismatch_count,0.22334589,1,与现有 guide_target_hamming_dist_computed 完全相同。,Exactly duplicates guide_target_hamming_dist_computed.
mismatch_count_shared_positions,yes,,,,,,,,通过复算；具有可解释性，并由参考重要性结果或特征家族完整性支持。,Recomputed successfully; interpretable and supported by reference importance or feature-family completeness.
mismatch_fraction_shared_positions,yes,pairwise,Mismatch proportion across shared positions,shared-position mismatch count / aligned length,computationally validated,eng_mismatch_fraction,0.08986953,3,通过复算；具有可解释性，并由参考重要性结果或特征家族完整性支持。,Recomputed successfully; interpretable and supported by reference importance or feature-family completeness.
match_fraction_shared_positions,no,pairwise,Match proportion across shared positions,1 - mismatch fraction across shared positions,computationally validated,eng_match_fraction,0.20852664,2,与 mismatch_fraction_shared_positions 互为 1 的补数。,Equals 1 minus mismatch_fraction_shared_positions.
first_mismatch_position,yes,pairwise,First mismatch position under selected alignment,First unequal index + 1,computationally validated,eng_first_mismatch_pos,0.0072170175,13,通过复算；具有可解释性，并由参考重要性结果或特征家族完整性支持。,Recomputed successfully; interpretable and supported by reference importance or feature-family completeness.
last_mismatch_position,yes,pairwise,Last mismatch position under selected alignment,Last unequal index + 1,computationally validated,eng_last_mismatch_pos,0.004121165,30,通过复算；具有可解释性，并由参考重要性结果或特征家族完整性支持。,Recomputed successfully; interpretable and supported by reference importance or feature-family completeness.
longest_consecutive_match,yes,pairwise,Longest consecutive matching segment,Longest run of equal aligned bases,computationally validated,eng_longest_match,0.0070379456,15,通过复算；具有可解释性，并由参考重要性结果或特征家族完整性支持。,Recomputed successfully; interpretable and supported by reference importance or feature-family completeness.
longest_consecutive_mismatch,yes,pairwise,Longest consecutive mismatch segment,Longest run of unequal aligned bases,computationally validated,eng_longest_mismatch,0.005611241,19,通过复算；具有可解释性，并由参考重要性结果或特征家族完整性支持。,Recomputed successfully; interpretable and supported by reference importance or feature-family completeness.
guide_target_gc_difference,yes,,,,,eng_gc_difference,0.0023793196,89,通过复算；具有可解释性，并由参考重要性结果或特征家族完整性支持。,Recomputed successfully; interpretable and supported by reference importance or feature-family completeness.
mismatch_count_first_third,no,regional mismatch,Mismatch count in the first third,Aligned sequence divided into generic thirds,computationally validated; not a biological seed definition,eng_mismatch_count_proximal,0.0039866706,35,脚本仅按三等分计算；尚不能解释为 PAM proximal/seed/distal。,"Computed as generic thirds and not yet interpretable as PAM-proximal, seed, or distal biology."
mismatch_fraction_first_third,no,regional mismatch,Mismatch fraction in the first third,Regional mismatch count / regional length,computationally validated; not a biological seed definition,eng_mismatch_fraction_proximal,0.008345214,9,脚本仅按三等分计算；尚不能解释为 PAM proximal/seed/distal。,"Computed as generic thirds and not yet interpretable as PAM-proximal, seed, or distal biology."
mismatch_count_middle_third,no,regional mismatch,Mismatch count in the middle third,Aligned sequence divided into generic thirds,computationally validated; not a biological seed definition,eng_mismatch_count_middle,0.0013222485,127,脚本仅按三等分计算；尚不能解释为 PAM proximal/seed/distal。,"Computed as generic thirds and not yet interpretable as PAM-proximal, seed, or distal biology."
mismatch_fraction_middle_third,no,regional mismatch,Mismatch fraction in the middle third,Regional mismatch count / regional length,computationally validated; not a biological seed definition,eng_mismatch_fraction_middle,0.0014553729,123,脚本仅按三等分计算；尚不能解释为 PAM proximal/seed/distal。,"Computed as generic thirds and not yet interpretable as PAM-proximal, seed, or distal biology."
mismatch_count_last_third,no,regional mismatch,Mismatch count in the last third,Aligned sequence divided into generic thirds,computationally validated; not a biological seed definition,eng_mismatch_count_distal,0.0064411117,17,脚本仅按三等分计算；尚不能解释为 PAM proximal/seed/distal。,"Computed as generic thirds and not yet interpretable as PAM-proximal, seed, or distal biology."
mismatch_fraction_last_third,no,regional mismatch,Mismatch fraction in the last third,Regional mismatch count / regional length,computationally validated; not a biological seed definition,eng_mismatch_fraction_distal,0.0071513057,14,脚本仅按三等分计算；尚不能解释为 PAM proximal/seed/distal。,"Computed as generic thirds and not yet interpretable as PAM-proximal, seed, or distal biology."
mismatch_pos_1,yes,position-specific mismatch,Whether position 1 is a mismatch,"1 if unequal, otherwise 0",computationally validated,eng_mismatch_pos_1,0.0015138134,121,通过复算；具有可解释性，并由参考重要性结果或特征家族完整性支持。,Recomputed successfully; interpretable and supported by reference importance or feature-family completeness.
mismatch_pos_2,yes,position-specific mismatch,Whether position 2 is a mismatch,"1 if unequal, otherwise 0",computationally validated,eng_mismatch_pos_2,0.012348987,5,通过复算；具有可解释性，并由参考重要性结果或特征家族完整性支持。,Recomputed successfully; interpretable and supported by reference importance or feature-family completeness.
mismatch_pos_3,yes,position-specific mismatch,Whether position 3 is a mismatch,"1 if unequal, otherwise 0",computationally validated,eng_mismatch_pos_3,0.0025289806,83,通过复算；具有可解释性，并由参考重要性结果或特征家族完整性支持。,Recomputed successfully; interpretable and supported by reference importance or feature-family completeness.
mismatch_pos_4,yes,position-specific mismatch,Whether position 4 is a mismatch,"1 if unequal, otherwise 0",computationally validated,eng_mismatch_pos_4,0.037643906,4,通过复算；具有可解释性，并由参考重要性结果或特征家族完整性支持。,Recomputed successfully; interpretable and supported by reference importance or feature-family completeness.
mismatch_pos_5,yes,position-specific mismatch,Whether position 5 is a mismatch,"1 if unequal, otherwise 0",computationally validated,eng_mismatch_pos_5,0.0017251462,117,通过复算；具有可解释性，并由参考重要性结果或特征家族完整性支持。,Recomputed successfully; interpretable and supported by reference importance or feature-family completeness.
mismatch_pos_6,yes,position-specific mismatch,Whether position 6 is a mismatch,"1 if unequal, otherwise 0",computationally validated,eng_mismatch_pos_6,0.002973093,73,通过复算；具有可解释性，并由参考重要性结果或特征家族完整性支持。,Recomputed successfully; interpretable and supported by reference importance or feature-family completeness.
mismatch_pos_7,yes,position-specific mismatch,Whether position 7 is a mismatch,"1 if unequal, otherwise 0",computationally validated,eng_mismatch_pos_7,0.0017971109,114,通过复算；具有可解释性，并由参考重要性结果或特征家族完整性支持。,Recomputed successfully; interpretable and supported by reference importance or feature-family completeness.
mismatch_pos_8,yes,position-specific mismatch,Whether position 8 is a mismatch,"1 if unequal, otherwise 0",computationally validated,eng_mismatch_pos_8,0.0020777148,105,通过复算；具有可解释性，并由参考重要性结果或特征家族完整性支持。,Recomputed successfully; interpretable and supported by reference importance or feature-family completeness.
mismatch_pos_9,yes,position-specific mismatch,Whether position 9 is a mismatch,"1 if unequal, otherwise 0",computationally validated,eng_mismatch_pos_9,0.001249735,128,通过复算；具有可解释性，并由参考重要性结果或特征家族完整性支持。,Recomputed successfully; interpretable and supported by reference importance or feature-family completeness.
mismatch_pos_10,yes,position-specific mismatch,Whether position 10 is a mismatch,"1 if unequal, otherwise 0",computationally validated,eng_mismatch_pos_10,0.001677575,118,通过复算；具有可解释性，并由参考重要性结果或特征家族完整性支持。,Recomputed successfully; interpretable and supported by reference importance or feature-family completeness.
mismatch_pos_11,yes,position-specific mismatch,Whether position 11 is a mismatch,"1 if unequal, otherwise 0",computationally validated,eng_mismatch_pos_11,0.0012121367,130,通过复算；具有可解释性，并由参考重要性结果或特征家族完整性支持。,Recomputed successfully; interpretable and supported by reference importance or feature-family completeness.
mismatch_pos_12,yes,position-specific mismatch,Whether position 12 is a mismatch,"1 if unequal, otherwise 0",computationally validated,eng_mismatch_pos_12,0.0014867876,122,通过复算；具有可解释性，并由参考重要性结果或特征家族完整性支持。,Recomputed successfully; interpretable and supported by reference importance or feature-family completeness.
mismatch_pos_13,yes,position-specific mismatch,Whether position 13 is a mismatch,"1 if unequal, otherwise 0",computationally validated,eng_mismatch_pos_13,0.0013331509,126,通过复算；具有可解释性，并由参考重要性结果或特征家族完整性支持。,Recomputed successfully; interpretable and supported by reference importance or feature-family completeness.
mismatch_pos_14,yes,position-specific mismatch,Whether position 14 is a mismatch,"1 if unequal, otherwise 0",computationally validated,eng_mismatch_pos_14,0.002362074,91,通过复算；具有可解释性，并由参考重要性结果或特征家族完整性支持。,Recomputed successfully; interpretable and supported by reference importance or feature-family completeness.
mismatch_pos_15,yes,position-specific mismatch,Whether position 15 is a mismatch,"1 if unequal, otherwise 0",computationally validated,eng_mismatch_pos_15,0.002112286,103,通过复算；具有可解释性，并由参考重要性结果或特征家族完整性支持。,Recomputed successfully; interpretable and supported by reference importance or feature-family completeness.
mismatch_pos_16,yes,position-specific mismatch,Whether position 16 is a mismatch,"1 if unequal, otherwise 0",computationally validated,eng_mismatch_pos_16,0.0015482826,120,通过复算；具有可解释性，并由参考重要性结果或特征家族完整性支持。,Recomputed successfully; interpretable and supported by reference importance or feature-family completeness.
mismatch_pos_17,yes,position-specific mismatch,Whether position 17 is a mismatch,"1 if unequal, otherwise 0",computationally validated,eng_mismatch_pos_17,0.0039846175,37,通过复算；具有可解释性，并由参考重要性结果或特征家族完整性支持。,Recomputed successfully; interpretable and supported by reference importance or feature-family completeness.
mismatch_pos_18,yes,position-specific mismatch,Whether position 18 is a mismatch,"1 if unequal, otherwise 0",computationally validated,eng_mismatch_pos_18,0.0017309989,116,通过复算；具有可解释性，并由参考重要性结果或特征家族完整性支持。,Recomputed successfully; interpretable and supported by reference importance or feature-family completeness.
mismatch_pos_19,yes,position-specific mismatch,Whether position 19 is a mismatch,"1 if unequal, otherwise 0",computationally validated,eng_mismatch_pos_19,0.0015722163,119,通过复算；具有可解释性，并由参考重要性结果或特征家族完整性支持。,Recomputed successfully; interpretable and supported by reference importance or feature-family completeness.
mismatch_pos_20,yes,position-specific mismatch,Whether position 20 is a mismatch,"1 if unequal, otherwise 0",computationally validated,eng_mismatch_pos_20,0.0014416137,124,通过复算；具有可解释性，并由参考重要性结果或特征家族完整性支持。,Recomputed successfully; interpretable and supported by reference importance or feature-family completeness.
mismatch_pos_21,yes,position-specific mismatch,Whether position 21 is a mismatch,"1 if unequal, otherwise 0",computationally validated,eng_mismatch_pos_21,0.0017353782,115,通过复算；具有可解释性，并由参考重要性结果或特征家族完整性支持。,Recomputed successfully; interpretable and supported by reference importance or feature-family completeness.
mismatch_pos_22,yes,position-specific mismatch,Whether position 22 is a mismatch,"1 if unequal, otherwise 0",computationally validated,eng_mismatch_pos_22,0.0028582448,75,通过复算；具有可解释性，并由参考重要性结果或特征家族完整性支持。,Recomputed successfully; interpretable and supported by reference importance or feature-family completeness.
mismatch_pos_23,yes,position-specific mismatch,Whether position 23 is a mismatch,"1 if unequal, otherwise 0",computationally validated,eng_mismatch_pos_23,0.0019822503,106,通过复算；具有可解释性，并由参考重要性结果或特征家族完整性支持。,Recomputed successfully; interpretable and supported by reference importance or feature-family completeness.
mismatch_pos_24,yes,position-specific mismatch,Whether position 24 is a mismatch,"1 if unequal, otherwise 0",computationally validated,eng_mismatch_pos_24,0.00191831,109,通过复算；具有可解释性，并由参考重要性结果或特征家族完整性支持。,Recomputed successfully; interpretable and supported by reference importance or feature-family completeness.
mismatch_pos_25,yes,position-specific mismatch,Whether position 25 is a mismatch,"1 if unequal, otherwise 0",computationally validated,eng_mismatch_pos_25,0.0018812821,111,通过复算；具有可解释性，并由参考重要性结果或特征家族完整性支持。,Recomputed successfully; interpretable and supported by reference importance or feature-family completeness.
mismatch_pos_26,no,position-specific mismatch,Whether position 26 is a mismatch,"1 if unequal, otherwise 0",computationally validated,,,,位置超过本数据集 25 nt 最大对齐长度。,Position exceeds this dataset's maximum 25-nt alignment.
mismatch_pos_27,no,position-specific mismatch,Whether position 27 is a mismatch,"1 if unequal, otherwise 0",computationally validated,,,,位置超过本数据集 25 nt 最大对齐长度。,Position exceeds this dataset's maximum 25-nt alignment.
mismatch_pos_28,no,position-specific mismatch,Whether position 28 is a mismatch,"1 if unequal, otherwise 0",computationally validated,,,,位置超过本数据集 25 nt 最大对齐长度。,Position exceeds this dataset's maximum 25-nt alignment.
mismatch_pos_29,no,position-specific mismatch,Whether position 29 is a mismatch,"1 if unequal, otherwise 0",computationally validated,,,,位置超过本数据集 25 nt 最大对齐长度。,Position exceeds this dataset's maximum 25-nt alignment.
mismatch_pos_30,no,position-specific mismatch,Whether position 30 is a mismatch,"1 if unequal, otherwise 0",computationally validated,,,,位置超过本数据集 25 nt 最大对齐长度。,Position exceeds this dataset's maximum 25-nt alignment.
mismatch_type_A_to_C,yes,mismatch type,Count of A→C differences,Count across aligned positions,computationally validated,eng_mismatch_type_A_to_C,0.005306312,21,通过复算；具有可解释性，并由参考重要性结果或特征家族完整性支持。,Recomputed successfully; interpretable and supported by reference importance or feature-family completeness.
mismatch_type_A_to_G,yes,mismatch type,Count of A→G differences,Count across aligned positions,computationally validated,eng_mismatch_type_A_to_G,0.0022233496,96,通过复算；具有可解释性，并由参考重要性结果或特征家族完整性支持。,Recomputed successfully; interpretable and supported by reference importance or feature-family completeness.
mismatch_type_A_to_T,yes,mismatch type,Count of A→T differences,Count across aligned positions,computationally validated,eng_mismatch_type_A_to_T,0.00408628,32,通过复算；具有可解释性，并由参考重要性结果或特征家族完整性支持。,Recomputed successfully; interpretable and supported by reference importance or feature-family completeness.
mismatch_type_C_to_A,yes,mismatch type,Count of C→A differences,Count across aligned positions,computationally validated,eng_mismatch_type_C_to_A,0.0020935747,104,通过复算；具有可解释性，并由参考重要性结果或特征家族完整性支持。,Recomputed successfully; interpretable and supported by reference importance or feature-family completeness.
mismatch_type_C_to_G,yes,mismatch type,Count of C→G differences,Count across aligned positions,computationally validated,eng_mismatch_type_C_to_G,0.008093364,11,通过复算；具有可解释性，并由参考重要性结果或特征家族完整性支持。,Recomputed successfully; interpretable and supported by reference importance or feature-family completeness.
mismatch_type_C_to_T,yes,mismatch type,Count of C→T differences,Count across aligned positions,computationally validated,eng_mismatch_type_C_to_T,0.002227448,95,通过复算；具有可解释性，并由参考重要性结果或特征家族完整性支持。,Recomputed successfully; interpretable and supported by reference importance or feature-family completeness.
mismatch_type_G_to_A,yes,mismatch type,Count of G→A differences,Count across aligned positions,computationally validated,eng_mismatch_type_G_to_A,0.009917187,6,通过复算；具有可解释性，并由参考重要性结果或特征家族完整性支持。,Recomputed successfully; interpretable and supported by reference importance or feature-family completeness.
mismatch_type_G_to_C,yes,mismatch type,Count of G→C differences,Count across aligned positions,computationally validated,eng_mismatch_type_G_to_C,0.0019013198,110,通过复算；具有可解释性，并由参考重要性结果或特征家族完整性支持。,Recomputed successfully; interpretable and supported by reference importance or feature-family completeness.
mismatch_type_G_to_T,yes,mismatch type,Count of G→T differences,Count across aligned positions,computationally validated,eng_mismatch_type_G_to_T,0.0037377742,46,通过复算；具有可解释性，并由参考重要性结果或特征家族完整性支持。,Recomputed successfully; interpretable and supported by reference importance or feature-family completeness.
mismatch_type_T_to_A,yes,mismatch type,Count of T→A differences,Count across aligned positions,computationally validated,eng_mismatch_type_T_to_A,0.0018085,113,通过复算；具有可解释性，并由参考重要性结果或特征家族完整性支持。,Recomputed successfully; interpretable and supported by reference importance or feature-family completeness.
mismatch_type_T_to_C,yes,mismatch type,Count of T→C differences,Count across aligned positions,computationally validated,eng_mismatch_type_T_to_C,0.0039367527,41,通过复算；具有可解释性，并由参考重要性结果或特征家族完整性支持。,Recomputed successfully; interpretable and supported by reference importance or feature-family completeness.
mismatch_type_T_to_G,yes,mismatch type,Count of T→G differences,Count across aligned positions,computationally validated,eng_mismatch_type_T_to_G,0.0051631606,22,通过复算；具有可解释性，并由参考重要性结果或特征家族完整性支持。,Recomputed successfully; interpretable and supported by reference importance or feature-family completeness.
